Dataset,AE_1,AE_2,AE_3,AE_4,AE_5,AE_6,AE_7,AE_8,AE_9,AE_10
IOPS_102,-0.0522997276844627,0.0207788797667262,0.1513065214549887,-1.3540346737893134,1.253067648352376,0.0911293797228182,0.0017986279021749,-0.5469287188086722,-0.9552185897227958,10.4613766057644
IOPS_103,-0.152598237656687,0.0256160212178758,-0.968691765891482,-0.5247821260509422,1.076432256839923,0.0905205184436448,0.0017824976256463,-0.4609892333763891,-1.0481986986504612,10.463672746579885
IOPS_104,-0.0473904368082923,0.0180586069271504,-0.2022612263848272,-0.9602589331302768,1.425328456565143,0.0908520729669689,0.0017954667211013,-0.510205063830939,-0.9992928946409898,10.462068299781649
IOPS_11,0.062986254430609,0.0032202156276868,-0.7909185874658257,-0.9249815158737004,1.497103260822949,0.0922476250629208,0.0017424646123563,-0.5903305044469948,-0.8708936896815009,10.562000549267532
IOPS_116,0.0129553423617496,0.0064455424427086,0.6237254843506003,-0.8040473368832584,1.2984890419052446,0.0914012150174746,0.0017021744306983,-0.5546810842864389,-0.8934175786216012,10.470293411405274
IOPS_118,-0.2854484110146863,0.1603160317725281,-0.6087672970714861,-1.0284509914907147,1.1562631450924965,0.0905057646018809,0.0018040641142691,-0.5091792826686067,-1.0036298165055195,10.46018904719012
IOPS_121,-0.1956498982134327,0.029066019088919,-1.4237633314556195,0.1573404029842073,1.3053256609103014,0.0905484133148074,0.001798172897366,-0.4685799770102931,-1.051751709160832,10.462282910443252
IOPS_127,0.0601308500451629,0.0155837937865909,0.9974191350065154,-0.4851531819654027,1.0179665820069492,0.0910633418143377,0.0016327706640737,-0.5296664825700425,-0.8640805486926078,10.475484228745744
IOPS_128,0.0586824881900359,0.0427162432805439,0.1280922285308661,-1.0784869628201812,1.380982472573662,0.0918198148380734,0.0016856331295291,-0.5856637206669306,-0.8376109974057417,10.471811185743649
IOPS_186,-0.6451972779187035,8.458626762546158,-0.7229907808919505,-0.3477820251475338,0.8450094678988954,0.0902066675043057,0.0018173642527889,-0.3919819623900127,-1.1692408107683263,10.462483464029791
IOPS_19,-0.111327592359896,0.0208995582968771,-0.5658951729596702,-0.8473621248307248,1.210127716998621,0.0902673806878557,0.001803627422414,-0.5104935641709024,-1.0005024107804927,10.459304755446258
IOPS_192,0.0587364411028984,10.491000231212292,-1.114345904540388,-0.2505345490231261,1.242085790326436,0.0908320355724202,0.0017257398723626,-0.2140529178418591,-1.4709009856419302,10.478953603128602
IOPS_194,0.2821572697670644,0.0616958303823264,-0.2317152716898022,-1.4940020071480375,1.3720327348140278,0.0919560759659738,0.0013913214448684,-0.5681884271178835,-0.6234317942663683,10.49635543057209
IOPS_199,-0.2295644231462543,0.0650281362188546,-1.4077892950319275,0.130347830477568,1.117850418159045,0.0899865383892621,0.0018470766374842,-0.5059064879461529,-1.0224585355190123,10.454665162824494
IOPS_218,-0.0447130249062645,0.0061868762567008,-0.3841294955045863,-1.817919431463699,1.201455355572744,0.0906585371524142,0.0017747768986433,-0.5295169169766502,-0.959669748664246,10.462395070814628
IOPS_225,0.0303529277320824,0.0159565775800205,-0.4764683181752963,-1.514045052524965,1.5733098553981395,0.091689067965079,0.0017918102512994,-0.5685648231496293,-0.936582692637554,10.46330344212866
IOPS_236,-0.0756469492200355,0.0259600689775938,0.475974031738671,-0.5160291491093525,1.462094075999553,0.0918296844804716,0.001784650810471,-0.5733010725493738,-0.9244555675574656,10.464265213500036
IOPS_24,0.0049966762143583,0.0396970586511693,-0.5613487441042521,-1.010365778192695,1.3830227737837983,0.0902964424280755,0.0018339319170703,-0.5082607278626721,-1.0232521894719018,10.45699793823816
IOPS_241,-0.080493528525346,0.0080815596953576,-0.1207821303620472,-1.6526956758074716,1.2632871286329617,0.09738057994235,0.0002589772281348,-0.7964655870736213,2.1925622019120583,10.581110342344433
IOPS_242,-0.1443750225352637,0.0468908661290845,-0.8572642831003628,-0.6400493298614744,1.0847324261521525,0.0932106717725741,0.001285923686154,-0.5520579141667755,-0.5753989241041246,10.50881694791227
IOPS_243,0.0340084647825112,0.0172473658909531,-0.2595622336800657,-1.33156539572764,1.4226346757703787,0.0977634021733542,0.0001959324776984,-1.02460827466432,4.518134332143668,10.584717038035496
IOPS_246,0.1516996327093811,0.0051667824059583,0.13232627762398,-1.1881772719978032,1.49066791068398,0.0976414840711184,0.000224508485372,-1.3604462960375805,6.239945943935263,10.582485240930394
IOPS_255,-0.0386867471570252,0.0115715035105212,0.2595704366135504,-1.3519123427865745,1.522264539588764,0.0930480823104254,0.0013372895656897,-0.6514052805026582,-0.4691953348764546,10.501545426052392
IOPS_256,0.0522397976413215,0.0048347667662161,0.0759513069051653,-0.8533786259215663,1.4029712892199064,0.0933212771479822,0.0014135307260191,-0.6678774771668451,-0.5229239161397792,10.495988250231171
IOPS_261,-0.1223856954760179,0.1058202266535776,-0.965306632161222,-0.3804452199834522,1.209976966761243,0.0904355832262163,0.0018015913566159,-0.4862051364932364,-1.0263556228619473,10.46091606004192
IOPS_264,0.0063180454322185,0.0172981613535794,0.244719231453166,-0.9414200906283696,1.3442608631726296,0.0910261393754906,0.0017564330568657,-0.5353857254625445,-0.9403639860551056,10.464964557832769
IOPS_267,0.0707311605180943,0.021013799533145,-0.2936019365760167,-1.1465036434277098,1.418754018492455,0.0912451713376513,0.0018049801537274,-0.552915305824252,-0.9576106881935867,10.461162940025552
IOPS_269,-0.2025227450787909,0.0081975409761574,-0.1390583771392363,-1.3733716957729771,1.5059535786756986,0.0905747140176462,0.0017590339447221,-0.5109416419111172,-0.9706146076659103,10.017782585221877
IOPS_275,-0.3499929187075665,0.1302426800286019,-0.9865349072823628,-0.4183782293713505,1.0890553753355174,0.0904436840964719,0.0018033004569352,-0.468226942602501,-1.0540325388984264,10.4615273761666
IOPS_285,0.0006873326452341,0.0281442455865384,0.0778350753176043,-1.6487284982641748,1.4963326016942242,0.0906104173115461,0.0017975572859902,-0.5264301006330843,-0.9817059917435488,10.4605036690075
IOPS_3,0.0613398125259903,0.0137601728475412,0.1932725422704633,-1.544966849054536,1.4230680575039436,0.0925998128988029,0.0017254712873741,-0.6058447113286226,-0.8513066247119436,10.564203198617433
IOPS_319,-0.2053350848919684,0.0943770161237353,-0.4099021543724216,-1.642069704150712,1.1601790654794597,0.091178089961056,0.0018369261365381,-0.5422005917754035,-0.9829985569128225,10.458496766441504
IOPS_327,0.0151875657604393,0.015715060253091,0.1141266204430662,-0.9312477093556156,1.298055926021437,0.0941218346052086,0.0013166084185435,-0.6890615748742256,-0.3874203621807388,10.504852420695132
IOPS_328,-0.0990354974524691,0.0420525902342463,-0.4139828677710919,-1.4653331452254328,1.2149075411328722,0.1014731691581029,0.0004952148869429,-0.8277210082675429,1.230178118715786,10.568786408817802
IOPS_329,0.0533446038101873,0.0455055962671615,0.3969431314111181,-1.1577341991641033,1.2900672176997658,0.0979278574076997,0.0007658216455428,-0.6709446432791082,0.4541668953293425,10.549841997920009
IOPS_330,-0.0775965531139446,0.0592364159561582,-0.3584578532200997,-1.7898303362420849,1.435353343530622,0.0912914820735865,0.001654780704888,-0.5097318624522604,-0.8392903579738094,10.473802140233705
IOPS_331,-0.0841129882504266,0.0168987955332864,-1.170430590198851,-0.2471391753545861,0.9499235484380528,0.0926999883428789,0.0015539977942401,-0.6017899422413266,-0.7016543695793063,10.484544969388653
IOPS_333,-0.0155026599710335,0.0217289711684957,0.0118618156069255,-1.5065194256404972,1.5156686243376107,0.0950337958872317,0.001261671017076,-0.7748348846893258,-0.1575248669973068,10.50932834200274
IOPS_334,-0.0322182165472551,0.010209189461103,-0.4484898253854153,-1.2928240456004982,1.3555266540064816,0.0936211502785803,0.0015179811998181,-0.6362868356370434,-0.6519656269530585,10.489268291645834
IOPS_337,0.0046796645003321,0.0396493804444159,0.95448607150478,-0.3848682775261749,1.195212967761216,0.0967942758010843,0.0010184030613769,-0.7367943220583716,0.0787854701515313,10.53088834552308
IOPS_338,-0.0482383683747663,0.0475064401250246,-1.4600870416199678,0.2015866052510913,1.0730798877538097,0.0920793455305537,0.0015369882580524,-0.481831239682866,-0.8702174241995819,10.487537306513342
IOPS_342,0.1841557974579839,0.0662122728919683,0.7529559216251714,-1.0297576256441316,1.0343526026269312,0.098602337415139,0.0005932418077201,-1.0825305327675263,1.7742906732164387,10.55954714791164
IOPS_344,0.0929514366627776,0.0066039833516232,0.0329053849406545,-1.3547896276391729,1.3662441761268287,0.091170324887351,0.0017886472000196,-0.5481066528432037,-0.945724121605214,10.462331071693946
IOPS_353,-0.2771456674275103,0.0653572629740354,-1.4927851031108614,0.2405024827566184,1.2801845195816877,0.090201472654082,0.0018003513616092,-0.5030046015389644,-1.005921453867684,10.459635220545527
IOPS_365,0.0074656070070197,0.0360069045389962,-0.6105372190910351,-0.466569334483224,1.1703375089906989,0.0912409656192562,0.0017173118154965,-0.5529966589683659,-0.901283864854218,10.468423564356192
IOPS_381,-0.0426061596484346,0.0216599972216008,-1.4473105773671209,0.1730046152853575,0.9266535553685812,0.0909340834579345,0.0017968493233562,-0.5350993205360701,-0.9702885578873914,10.46142092090664
IOPS_393,0.2278868466256107,0.0265844028055616,-0.1920581615010144,-1.6520708396365902,1.2881665972927658,0.0906615263081704,0.0017551752530021,-0.5030200111519806,-0.9826297143717122,10.46504624441925
IOPS_394,-0.2933752697443341,0.4487187251951089,-1.100401987346688,-0.158306192540508,0.9499103247393548,0.0902336205548628,0.0017937630771923,-0.4373304970021018,-1.0794546454255358,10.46253591372772
IOPS_396,-0.0309211962166134,0.1048023475547826,0.1489785936977093,-1.147534803841017,1.477840677397216,0.090490439955414,0.00179432577606,-0.4825071609501709,-1.034258997325523,10.461966874660476
IOPS_401,0.0167150835462357,0.0432383833619261,-1.0918970795224323,-0.1431589456666602,1.3490615386491165,0.090457652139121,0.0018026322873727,-0.5215636791299059,-0.9912541787323385,10.459787332329531
IOPS_418,-0.0476097886581582,0.0108542200629456,-0.3039407024844179,-0.9063225462912068,1.3662793328972838,0.0909231327666736,0.0017070278584233,-0.5328366603121285,-0.9149833736711516,10.46891341108841
IOPS_427,-0.240846536744771,0.0652302357334928,-1.2650561627796353,-0.1164390912752209,1.1392002389088975,0.090515915885297,0.0016816148085407,-0.5017100980525221,-0.9397327768979364,10.470697154801124
IOPS_450,0.0509634328337217,0.0303808805895989,1.3142053294339926,0.0314598298895507,0.8109802482723018,0.0906743700084952,0.001744246789656,-0.510750241939403,-0.9602286004471448,10.465621344561525
IOPS_459,0.009456199904608,0.0083298349797322,-0.3783709669522693,-0.7937064856234053,1.1609516423888682,0.0911364887784797,0.0017232009999563,-0.5571958692784865,-0.9000606846827615,10.467497534502316
IOPS_46,-0.3062561233310384,0.381731630277034,-1.376097440228892,0.1062138355201232,0.7736165328067279,0.0903992324407319,0.0018005729995383,-0.5013000298587457,-1.0039836807233666,10.460315905212363
IOPS_461,0.0847214576625635,0.0153479605418319,0.3910022794174905,-1.4888813967763015,1.0952897188233688,0.0906260565602316,0.0017627131918491,-0.4727799002402692,-1.0244840315442705,10.46528729289171
IOPS_475,-0.41140569442458,0.1003206281863822,-0.9834000770437984,-0.3412210688986063,1.3307199933260043,0.0903849094434625,0.0018111201556682,-0.4875667282241357,-1.0300579565382395,10.459853607350963
IOPS_478,-0.0630059195693272,0.0605026560349705,0.6461717531872717,-0.92157253235867,1.4700480476224338,0.0903402523869879,0.0018060225354197,-0.4999086276989956,-1.0116865029054296,10.459705021454427
IOPS_52,-0.2224749730605354,0.0550322292163017,-0.9808831748836448,-0.4626178329517247,1.0643021023137629,0.0903158776635745,0.0017877592046939,-0.478616971134138,-1.030943527566522,10.46207308450773
IOPS_59,-0.2663079610259424,0.1876622432809324,-0.8910591759312244,-0.7886535774219823,0.9655463968937064,0.0901762310676479,0.0018031620065423,-0.5123617702704333,-0.9907195059826286,10.45881711535611
IOPS_68,-0.0074010611897106,0.0714688571412745,-1.099951976312458,-0.3240647756640582,1.3288284511803004,0.09125387235709,0.0017877726073707,-0.5481967439584957,-0.9533115743273152,10.462871933344866
IOPS_71,0.0144895503050795,0.0008438943372155,0.2585953112112915,-1.7086024501897994,1.3214012218036189,0.0916646168895364,0.0017579247746652,-0.5659852910272195,-0.9168503166143558,10.46610501253201
IOPS_81,-0.0338762641273686,0.0076019687051445,-0.8376841011078853,-0.7041105011204172,1.1911706639126702,0.0912841038817341,0.0017360570009152,-0.5461959303654234,-0.9251874011209908,10.467412845010609
IOPS_87,0.015696666641118,0.0072304667539574,-0.7153223106411284,-0.4871941322178297,1.3222669867773056,0.091585236485017,0.0016587413811847,-0.574468719179721,-0.8301781457701165,10.473668729827205
IOPS_89,0.0280441098561659,0.028926522314719,1.037686651803145,-0.3937655345464157,1.317247830365092,0.0910447095494881,0.0017438898924329,-0.5426106478861459,-0.9278002151240998,10.465901068393254
IOPS_94,-0.0590026686686297,0.0704052384024551,-1.2950421467588342,-0.0063101901803688,1.052004759250462,0.0911159579490855,0.0018157733568066,-0.5389434311025637,-0.980269051193214,10.46040001583002
IOPS_96,-0.2116564634552252,0.0958984821709572,-1.2118191401195286,-0.1089704875474071,1.0584417569235711,0.0906939163615123,0.0018042343564014,-0.510984693559996,-1.0036103596343395,10.460839831424073
TravelTime_387,0.0266768206624583,0.0737044243930884,0.6734468073167472,-0.6826030558099268,1.3416344442416572,0.0912043642370764,0.001625169466351,-0.4902764855262298,-0.9308522162295736,9.31329935876374
TravelTime_451,0.0033537094181766,0.0432516273787295,-0.1595586134213741,-0.5493855780300123,1.1077055079375884,0.0945715172793178,0.0013575526788252,-0.6850043602106949,-0.4268134957386884,9.192713507169753
Twitter_volume_AAPL,-0.0336058475782368,0.000878567391918,1.0227137236140178,-0.4067690685179776,1.5418062102901389,0.0964090298709686,0.0006234659862344,-1.027047908643572,1.6416467951063085,11.243055724861648
Twitter_volume_AMZN,-0.0327688982972316,0.0030181774286671,-1.0136323152289075,-0.4157808708421782,1.170302366776074,0.091784135993829,0.0015950200017171,-0.560361967852041,-0.805823169086815,11.16277954574085
Twitter_volume_CRM,-0.0963340370690102,0.0131582209440464,-0.0469334709755968,-1.09284683907501,1.3542821892415002,0.0925761332454368,0.0015899669310338,-0.6080318687575779,-0.7463170013311045,11.168701177873274
Twitter_volume_CVS,0.0409816376080197,0.0050388000966869,0.0157903085244031,-0.9410749353922458,1.3372674610335826,0.0935483039664854,0.0014257722349517,-0.7013713919682449,-0.4666264923054548,11.178892561020776
Twitter_volume_FB,-0.0055866955805211,0.0135201490971172,-0.2734815662346179,-1.3359672170717978,1.3752940311564612,0.0939021225853905,0.0011367189575256,-0.6500318924514038,-0.250129389016386,11.201667304421727
Twitter_volume_GOOG,0.0162866609718304,0.0091153949944194,-0.2538258791898079,-0.9400444140550444,1.4080828715711262,0.0915468740438996,0.0016619900099666,-0.5293041112414599,-0.8859300073861047,11.15809435323747
Twitter_volume_IBM,0.0034452088092789,0.0062984779385244,1.105321435096582,-0.2448540232098257,1.1892465177265608,0.0917770915127247,0.0016713867420873,-0.546899922436973,-0.8720303509808072,11.160797360508964
Twitter_volume_KO,0.0260467861136447,0.0033799451900723,0.7987835104622292,-0.3230945768743032,1.1759119319405646,0.0946189491829384,0.001030839860759,-0.7512300641013606,0.0612886761854389,11.21050927052767
Twitter_volume_PFE,-0.0203814198132495,0.0085822205990536,-0.7004460988339178,-0.7063866195254431,1.320040817479377,0.0921332076771871,0.001681311665841,-0.5812145947472436,-0.8397941482790245,11.157904078850349
Twitter_volume_UPS,0.1030923060029964,0.0157093558180021,1.0069694612934028,-0.1883272606320218,1.2735181068484276,0.0947953594321226,0.0008735356558395,-0.9388887824845052,0.7662741473216541,11.221246561344955
Yahoo_A1real_10_data,-0.0841412823198538,0.1819854748344717,0.206927651697402,-0.6318489786004093,1.211222223078071,0.0903246619952755,0.0017811395089378,-0.5022288095147212,-0.9942757322727376,8.743277724840848
Yahoo_A1real_11_data,-0.2096107791087024,0.0992884514222575,0.2816569123752946,-1.6203899352167928,1.4795119247759434,0.095227678926485,0.0008332127507658,-0.9562735103199842,0.8020463996497034,8.821543753981054
Yahoo_A1real_12_data,-0.0449122212101171,0.4420930827439797,-0.8160165444368989,-0.4477839759296111,1.2210163060674168,0.092839048899231,0.0015104583240341,-0.6313841629125067,-0.6846382440462064,8.769880692394636
Yahoo_A1real_13_data,2.2202117775037182,5314.070575651185,0.5646077405328621,-0.6415543660405749,1.3236771442686988,0.0956941114848903,0.0003122790364345,-0.9830118813885788,1.8624769745792564,8.858726848102684
Yahoo_A1real_14_data,-0.2406169401242462,0.5370116019868038,-0.497525809703644,-0.7205195620371807,1.2038093542039956,0.092598726713214,0.0013233037000942,-0.6781870551534948,-0.3974176819833874,8.782559302544522
Yahoo_A1real_15_data,5.651000564594031,10430.415517799458,0.6053800308394847,-0.5488468271085103,1.253287793163868,0.0957258601728181,0.0003036722646765,-0.9836046314200708,1.9211168038648576,8.859289829679335
Yahoo_A1real_16_data,-5.180882212565076,95.75215306617618,-1.4325866319301337,0.1635620198371459,0.6482868084789328,0.0943658612057341,0.0007550930136679,-0.837585430904627,0.4948602681949117,8.842909796836198
Yahoo_A1real_17_data,0.0196011153707201,0.0320933570051518,-1.0812782647961865,-0.1904501610044016,1.358607563747584,0.0930526702484582,0.0014823029721371,-0.6631465311461149,-0.5769672258593159,8.760892930132023
Yahoo_A1real_18_data,7.380731670329967,1147.5595864072166,0.6739031083581238,-0.3674941067096426,0.8803009418326971,0.0974875097235425,0.0005267429303988,-0.9310205191057548,1.2106993608871717,8.861101905945112
Yahoo_A1real_19_data,-0.1330742296040608,0.0219392117986143,-0.4981647908245561,-1.4464382373509863,1.0420667389088272,0.091221004174457,0.0014664939283844,-0.5683046802569125,-0.6513845600712398,8.759061021376695
Yahoo_A1real_1_data,0.0932153587782678,0.0114543766158589,0.3555488582835815,-1.551671182867281,1.1258407368655252,0.0909886473461143,0.0017791241715912,-0.5367097061675287,-0.9599005528118028,8.731537782686999
Yahoo_A1real_20_data,-0.2994848435425677,0.3057924609992458,-1.384183146416022,0.0960586021034259,0.7904661817374647,0.0920143036548334,0.0013640776805055,-0.5888073207034183,-0.5665880448382938,8.767933049578149
Yahoo_A1real_21_data,0.054905874070214,0.4172074073067562,0.949558302559984,-0.3557207808070006,1.0686268626892634,0.0935689647267619,0.0012638526960456,-0.7464962580946995,-0.2752220129359171,8.775077717854739
Yahoo_A1real_22_data,0.0135460840078869,0.0069795935896016,-1.0351055831250724,-0.528013301019433,1.422598679709404,0.0925312494444411,0.0013552260120753,-0.6496812344526558,-0.456455894414181,8.767079976654719
Yahoo_A1real_23_data,0.0378903915076901,0.0698912124545013,-1.0153220049993448,-0.3805304426996518,1.2978348514626448,0.090280394368975,0.0017561971300761,-0.5284794595511203,-0.9502949257453026,8.730932765023638
Yahoo_A1real_24_data,3.0401720256567577,4.96136135007295,0.1810097843253721,-1.5881682632984455,1.3123226702867463,0.0968226182217225,0.0006144882720164,-0.8749036967034781,0.9260481258961492,8.85489069749414
Yahoo_A1real_25_data,2378.908551904896,5615354.86340346,-0.118763253583149,-1.678253669631125,1.2467474550666853,0.0992254423368433,0.0001729463080952,-0.713685769174079,2.503956123301444,8.865522012267636
Yahoo_A1real_26_data,0.309759209965272,0.6579094213489657,1.476300345131771,0.2188109938084439,0.616651504564255,0.092942059994259,0.0012844354331551,-0.6971338804247379,-0.3198262243936942,8.783194912456183
Yahoo_A1real_27_data,-10.339665378298731,171.0590873086916,-1.0373136434333947,-0.5325282252446195,0.8401276207404149,0.0948225941415847,0.0005911843315884,-0.934668669184215,1.436766255484461,8.830418155018188
Yahoo_A1real_28_data,0.015561346494172,0.1408693034097391,-1.1614155429732833,-0.1455860885019926,1.3052461149911103,0.0909076293280087,0.0014147214247022,-0.5716313475223512,-0.6301762105727313,8.774701648884854
Yahoo_A1real_29_data,0.9953295475938206,1.7479169602031956,1.3350415294887217,0.0115419576969215,0.8536360474096663,0.0922717229136548,0.0011515556146424,-0.6828368513950601,-0.1703588459156568,8.796556039653705
Yahoo_A1real_2_data,-193.21370187193608,221853.1609309094,-1.487620702905925,0.2335663011440907,0.5233749429019365,0.099219442021077,0.0002341666261335,-0.8656772579670637,3.582228786078276,8.864647043974827
Yahoo_A1real_30_data,-3.5797130418386303,3187.249750680673,0.9400876466939944,-0.3292251912530899,1.232010254744495,0.0958369421247273,0.0002880283129102,-0.7538547423143956,1.1055853980046386,8.875927427326605
Yahoo_A1real_31_data,9.397600717679207,318.9445291770358,1.3074026969543726,0.0365899245251237,0.922852380008188,0.0982676980711898,0.0003377851803428,-1.2418174579121644,4.400909623974329,8.848801621357227
Yahoo_A1real_32_data,-0.4076142360943232,0.1549621533696369,0.1569156625824141,-1.475306254722771,1.3785238918549632,0.093257034539473,0.0013171032921948,-0.6203296686632149,-0.4535741850968477,8.777190780017765
Yahoo_A1real_33_data,-0.0449122212101171,0.4420930827439797,-0.8160165444368989,-0.4477839759296111,1.2210163060674168,0.092839048899231,0.0015104583240341,-0.6313841629125067,-0.6846382440462064,8.769880692394636
Yahoo_A1real_34_data,-4.690270739311336,45.37426251189041,-1.3176135946277057,0.0108722971962245,0.8879997288839208,0.093813901568676,0.0011616130864032,-0.6504647918884583,-0.2333481550988807,8.789522656190906
Yahoo_A1real_35_data,12.581901029635318,286.6672259823305,0.7133796179451969,-1.1707245172749603,0.8649109723531359,0.0941161820752172,0.0008022847697099,-0.883447964700516,0.6399322943041428,8.814744176112072
Yahoo_A1real_36_data,-2.926766103475664,10.924342257656589,-0.4654714794256074,-1.6623232925604532,0.8810178837301561,0.0925733980343302,0.0014433822402918,-0.6267182291265618,-0.5479079873587969,8.788945705814246
Yahoo_A1real_37_data,-0.1101398263305872,0.0176888521209195,-0.0837613848450064,-0.799890703641466,1.4200698478629878,0.0914832628647105,0.0015253740824713,-0.5996248818437507,-0.6935412897533553,8.761816542738057
Yahoo_A1real_38_data,0.0798274760654823,0.1262485209565571,-0.1285164569359945,-1.040574749184068,1.3494436882645735,0.0899786749678343,0.0016154920850843,-0.5084821596626673,-0.8618733316065037,8.747193636162699
Yahoo_A1real_39_data,-0.7097136804886088,0.8988199723888795,-1.3832022506601838,0.0803901817187817,0.8840445562531443,0.090748248997202,0.0016505400556308,-0.4749039494400884,-0.9577201926944804,8.747734884507178
Yahoo_A1real_3_data,-5129.562363273624,397742569.7248112,-1.2500492022780394,-0.0105904518485968,0.8083019129595596,0.0963032577077457,0.0001372524192501,-0.2796495188108363,-0.7825561737253426,8.885356735376279
Yahoo_A1real_40_data,-4.320763294838774,114.13859074990664,-0.1739191058090189,-1.673700750626477,1.3311773358134489,0.0926322903007704,0.0011526913704087,-0.6477861111462621,-0.2488282505378034,8.787901770897008
Yahoo_A1real_41_data,-0.2920757017034581,2.305496154815832,-1.009677451997021,-0.2751213803710728,1.0529657797113487,0.0928869624075729,0.0011835772502481,-0.6471211024340411,-0.2960625815842586,8.791979675195304
Yahoo_A1real_42_data,0.1438937580202434,0.0650611161397193,-1.3052463249779271,-0.0071710844524615,1.5798755782055405,0.0955143478050603,0.0009259526961693,-0.9628891568644188,0.639540961718752,8.81547809713236
Yahoo_A1real_43_data,-0.2298904604743839,0.0201395638081207,-0.4524185563191349,-1.5455784941781563,1.4210353120812431,0.0906435316619085,0.0017187048408561,-0.4493041261774576,-1.0512816453243643,8.75222540823798
Yahoo_A1real_44_data,-1.809558731535048,9.879690096042932,-0.5935345445655331,-0.6786388943795822,1.2559049978239236,0.093242658972561,0.001188486006444,-0.6148499601182945,-0.4027055589146386,8.811049541220633
Yahoo_A1real_45_data,0.0787503944967646,0.0086673824516623,1.2634069383976283,0.0016480659294129,1.1311041253467753,0.090695322751635,0.0018015476715352,-0.5262071044003453,-0.9842777375689248,8.74280293462256
Yahoo_A1real_46_data,0.9233163218391844,8.734366521383286,1.113313276793001,-0.1326073477167852,0.9248724224166662,0.0952673212474756,0.0009982070724283,-0.8769385443910003,0.3599231698848877,8.811280099939822
Yahoo_A1real_47_data,-0.3990795513071339,2.86767185460172,0.3967493957549693,-1.0883127491959044,1.331276992341223,0.0969805187262421,0.0006442527180475,-0.981303173047438,1.2238433968500413,8.828559665404704
Yahoo_A1real_48_data,0.0101512468366306,0.02993337900079,0.4765265882149399,-0.876280886603038,1.3322093928697905,0.0941837670966157,0.001079152646641,-0.7534118484714748,0.0009847148322035,8.803598543589398
Yahoo_A1real_49_data,7.380731670329967,1147.5595864072166,0.6739031083581238,-0.3674941067096426,0.8803009418326971,0.0974875097235425,0.0005267429303988,-0.9310205191057548,1.2106993608871717,8.861101905945112
Yahoo_A1real_4_data,0.1188386165993901,0.1111620042651455,-0.6673232217918768,-0.5983180164054471,1.4025839609446258,0.0959551284996462,0.0005848615378061,-1.0289033961748235,1.7903418676680278,8.828498406597262
Yahoo_A1real_50_data,2.0121509181531776,2477.7461745404835,-0.6904044998591962,-0.5519251074146463,1.0641169057162791,0.0980789640844545,0.0004212420077664,-0.7110596448968209,0.9788316441509242,8.85356219361988
Yahoo_A1real_51_data,3.387211335330641,50.18416638422126,1.4932132812416574,0.2412061762049195,0.2492044868211968,0.092570890289578,0.0010469699766202,-0.7503789725390706,0.0467856960324915,8.794812077156598
Yahoo_A1real_52_data,-0.1378773726821215,0.0422663186123468,-0.0744481895971958,-1.62293356988936,1.4085374437160574,0.0907563609014559,0.001681083971424,-0.5563086391538387,-0.8603376462078587,8.746397951026244
Yahoo_A1real_53_data,3.0401720256567577,4.96136135007295,0.1810097843253721,-1.5881682632984455,1.3123226702867463,0.0968226182217225,0.0006144882720164,-0.8749036967034781,0.9260481258961492,8.85489069749414
Yahoo_A1real_54_data,57.29528956800668,9103.929485548504,1.4871030157855012,0.2331336155931658,0.5422044123348512,0.09769079477728,0.0006100283035583,-0.986869396430579,1.3359863859055174,8.173042328961795
Yahoo_A1real_55_data,0.054151136311203,0.0101207752478826,0.7541890054290077,-0.7367084832124586,1.3218310729949172,0.0905132239609146,0.0017042013216044,-0.4568417202336403,-1.0325373446774375,8.743744295338818
Yahoo_A1real_56_data,-1.7940061484169558,8.270698376276744,-1.1587190748365204,-0.3176000649321584,0.7790998818125034,0.0914355643369807,0.0014730612547308,-0.547794736008733,-0.7298511589001828,8.762319005784935
Yahoo_A1real_57_data,-1.467255103075373,5.553168337305299,-1.3974034421693358,0.0968777243168967,0.6339221980417499,0.0928453764933326,0.0013177500163761,-0.6084958701753377,-0.4707146905569241,8.786206476120743
Yahoo_A1real_58_data,-53.526537828587394,10225.16596930669,-0.2144307567843583,-1.6905120824900872,1.1230681966801457,0.0988068435213552,0.0002577575938144,-1.170285269948796,4.502373138983174,8.859879169582552
Yahoo_A1real_59_data,-0.6930804686652946,1.0561451982200352,-1.4062414029363777,0.1308092639417979,0.8494079445182774,0.0898031465135876,0.0016511848949931,-0.5072475027970479,-0.8929850683036387,8.74092921214824
Yahoo_A1real_5_data,1.9340541142620928,4.0258497157184605,0.814436153744593,-0.4354953276370423,1.296993578409884,0.0909989755680023,0.0016609716050115,-0.3152221257411052,-1.2578870304840266,8.762158156086508
Yahoo_A1real_60_data,-1.2599456320081244,3.585869320416493,0.0800400423954899,-0.9995504992973578,1.404399661479505,0.0945021119257212,0.0007169824787704,-0.9289091810035796,1.1566962799708582,8.844246797519972
Yahoo_A1real_61_data,47.13407507089956,14485.400178632344,0.5396890287645961,-1.5138973535012925,1.369090171755023,0.0972315682145526,0.0005553612139197,-0.5698148382527051,0.2017951641891628,8.846726990510225
Yahoo_A1real_62_data,-1063.4774632137746,4871655.654611935,-0.3013122045631663,-1.7563648441736288,1.2558213815603756,0.0955784442457521,0.0001731959811645,-0.7045070614869582,1.6974133933827522,8.200642146823647
Yahoo_A1real_63_data,-0.206044001000949,1.4211213827846727,0.3565216018039906,-0.7132271879600935,1.147310593564132,0.0924288886658352,0.0016736990467644,-0.5924076225911845,-0.8369925965355796,8.756560740441914
Yahoo_A1real_64_data,0.0191216230932549,1.8130537958671895,-0.222006310318133,-1.587482061842125,1.5186645677292974,0.0927691205506723,0.0011189890851932,-0.6937621995051952,-0.1777141347072359,8.80033995376455
Yahoo_A1real_65_data,-0.3023467938737801,0.0761069879440821,0.35438214069223,-0.7762863882176583,1.4779754138859922,0.0923685914231664,0.0014687356604543,-0.587400856035079,-0.6722018047405873,8.762116657014174
Yahoo_A1real_66_data,-0.1162761729743021,0.0086199315396078,-0.3416312581186597,-1.691415709443021,1.2738262473684996,0.0980226070199778,0.0005701435321556,-1.1196921361392422,1.8427478803694013,8.831785410989585
Yahoo_A1real_67_data,11135.32380608399,125167244.92089772,0.9448359672358532,-0.7032554162406539,1.1442181077741234,0.0961630228547984,0.0001649988267447,-0.618177227225009,2.626565088004634,8.85702030829885
Yahoo_A1real_6_data,7.053461547309224,3196.673398725045,0.6660510156710211,-0.3774627704534379,0.8957292352784523,0.0947228717638619,0.0005557602359686,-0.9782365130195102,1.2365033076894107,8.841438691800615
Yahoo_A1real_7_data,-0.0804588107670415,1.2943286403462886,-0.3922889546804547,-1.2661071062142664,1.473891620701009,0.0971440671651828,0.0005047628022638,-1.2460644485277297,3.102632484083329,8.834048251930085
Yahoo_A1real_8_data,0.1654295171048984,0.1246388382547028,1.0350459604537094,-0.5479164611088261,1.153798235615578,0.095075648235691,0.000793077287255,-0.920800404679018,0.9356084607562338,8.81106791409384
Yahoo_A1real_9_data,-1.043765123736946,10.601816902076989,-1.3544090574642205,0.0589993414082692,0.8801047314348829,0.091028775831538,0.0016392995949007,-0.1914647130475565,-1.470066281962573,8.78347988015851
ambient_temperature_system_failure,-0.0635631337640797,0.1088788396543336,-1.1785196106339713,-0.1112987409972743,0.9788640162979632,0.0898076851751564,0.0016557060879797,-0.514203012956705,-0.8918374707159069,10.373812996853411
art_daily_flatmiddle,-0.1454621332426631,0.122565661855208,-0.5220869961626136,-0.9077340020801624,1.070429484779152,0.0907895237896885,0.0015327187482232,-0.55625048337239,-0.7269533964804906,9.795984420312896
art_daily_jumpsdown,-0.0689570430671183,0.0134406877413347,-0.1758960483581124,-1.2350959184037602,1.3582884537938362,0.0930900939093641,0.0015631135642195,-0.6241143650250731,-0.7027790285765909,9.798787240379337
art_daily_jumpsup,-0.1852219346791064,0.0699143078767206,-1.0443470272012108,-0.5281281197611234,0.7235604899843894,0.094047757399725,0.0014884529397037,-0.6874551563497429,-0.5760611713378077,9.805847223936288
art_daily_nojump,-0.1587002735846366,0.0243300212151663,-0.5883543985817203,-1.3598934466446233,1.1091521352641835,0.0922961800235807,0.0015846380104238,-0.5718761026708739,-0.7929580947364614,9.796186751241889
art_increase_spike_density,-11.75472940353722,2428.770915170988,0.210950715776199,-0.6173088120190799,1.2458042150819986,0.0908333802160202,0.0017021676510553,-0.2206859247692044,-1.470066376960505,9.79485447121374
art_load_balancer_spikes,0.0400528490907881,0.0390802489456143,-0.2890396935334617,-0.9506643469884728,1.4440999829797665,0.0921510455964229,0.0014882119529427,-0.6042593268580798,-0.6320714705030821,9.802314476832931
cpu_utilization_asg_misconfiguration,-0.7521845558738454,7.506335701586655,-1.2552028664892976,-0.034453496348457,0.904229500521395,0.0911650664241554,0.0016519732354732,-0.1128329007793503,-1.6475651220590082,11.302790478062652
ec2_cpu_utilization_24ae8d,-0.1307076822558548,0.0639294587621799,-0.2921386119053592,-0.9834416157065946,1.3045062764618625,0.0909193837345348,0.0017121515038573,-0.3920813520085723,-1.113767051726043,9.78715975904731
ec2_cpu_utilization_53ea38,-15.540568690533672,431.0609275288424,-0.3899159949183982,-1.7167714557192586,1.1208774409327655,0.0912651431639863,0.0016453915979362,-0.0822129948446789,-1.7205874952588909,9.804946844290452
ec2_cpu_utilization_5f5533,-2.856516382303348,13.904359427042875,-0.3732375486117564,-1.746758128395643,1.072640093603364,0.0907050489891176,0.0017560530971806,-0.2703664112579929,-1.3610797012754874,9.78804220620654
ec2_cpu_utilization_77c1ca,-0.0596676963783567,0.0174645751730576,-0.2139188433694044,-1.2767567744875623,1.4886081729196676,0.0935458374841047,0.0013063386890393,-0.7673932022119242,-0.1501660015569039,9.816550253105786
ec2_cpu_utilization_825cc2,-0.3780666744176191,1.0316529346996195,-0.8339301927158496,-0.330701504658756,1.0311269077663172,0.0906962039974834,0.0017741049872488,-0.3200878734504699,-1.2752366749559316,9.78462055895269
ec2_cpu_utilization_ac20cd,-0.0233065286038717,0.0292933386061411,-0.1775446390119772,-0.8145850277385467,1.3573119547670012,0.0925566923588672,0.0016647450970846,-0.6254249717912813,-0.7591345303176675,9.788742669050793
ec2_cpu_utilization_fe7f93,-0.0618503788162225,0.0209401367453124,-1.1638247368600858,-0.1876851581708152,1.1632398792086356,0.0919715279425682,0.0014956247093463,-0.640139418637391,-0.5723083860136069,9.800072952154714
ec2_disk_write_bytes_1ef3de,0.0281577747663521,0.008513348039624,1.0599439885621902,-0.3539243360955448,1.147943319037121,0.0921187060143912,0.0015587474460459,-0.6052657058073939,-0.6614454620103687,9.956194680129055
ec2_disk_write_bytes_c0d644,0.1255471559175866,0.0186537891035364,0.396902281377474,-0.8255098321235339,1.3525682039981777,0.0952577180803567,0.0009483391506317,-0.949314565494638,0.7859453259899554,9.844910392207122
ec2_network_in_257a54,0.0563462611040003,0.0115475393809741,0.4740794765164778,-0.7992370580077828,1.3080166895323098,0.0964978653078982,0.0006026752574196,-0.8130745826446111,0.7443386450346696,9.873084748681128
ec2_network_in_5abac7,-0.1301686789485523,0.155500157486964,-1.1868151216493146,-0.0852760338100138,0.9442608619630268,0.0915313475698168,0.001725267820561,-0.4720226713077501,-1.0051906760046263,9.945476155907524
ec2_request_latency_system_failure,-0.4486745412811705,0.9363953335474904,-1.3478291421411377,0.0249564483488144,0.8593462439642658,0.0913309411899052,0.0016842923008664,-0.5617032238569958,-0.8631623357587168,9.78531042002887
elb_request_count_8c0756,-0.2259691480170833,0.0868257279816151,-1.0792197046477607,-0.3724097513035778,0.957191382241286,0.0904667860132241,0.0017858484900509,-0.4852325812529347,-1.0269814627909548,9.776851257415087
exchange-2_cpc_results,-1.0595124348164036,4.000237689183256,-1.4985281615848876,0.2480381365587245,0.2320999889636967,0.0903614522083201,0.0017897746229293,-0.4740808274007138,-1.055365581186225,8.865261223480474
exchange-2_cpm_results,-0.5735151338469848,0.437712353388351,-1.1876514017745443,-0.2266167333942346,1.0233014048219589,0.0904533951819593,0.0017756774063841,-0.4271786796660543,-1.1134736695378482,8.868534831495195
exchange-3_cpc_results,-0.1292943555416923,0.1377492508737132,-1.1519398946609145,-0.1537264845935855,1.0863330936840083,0.0932384612637684,0.0013165939087138,-0.7014441374488112,-0.3540543592077347,8.85086836876194
exchange-3_cpm_results,-0.0871330089027997,0.1143254873445136,1.3672466868572777,0.0460523931595444,1.5066920346840178,0.0907117849313062,0.001725874664564,-0.405313789612407,-1.1364472310844556,8.819720632654793
exchange-4_cpc_results,-0.0993058851829501,0.2291593376751143,-0.9432256799907696,-0.4606898785172326,1.2531297378587014,0.0919901175151661,0.0015745889790888,-0.4529568840750252,-0.958699097779673,8.89974369428982
exchange-4_cpm_results,-0.1826131700235291,0.6041527351213831,-1.1481953941300358,-0.1560487153807042,1.11307244797552,0.0914681153803904,0.0016409822477516,-0.3891106155867431,-1.1033399966840751,8.895168040339497
grok_asg_anomaly,0.0787757600619033,0.0495342586448922,-0.3100379874483657,-1.5717865469129957,1.5380844292585694,0.0914860785971317,0.0017117071125027,-0.5539574613860423,-0.8661508439339842,9.919732771780764
iio_us-east-1_i-a2eb1cd9_NetworkIn,0.3858182450317464,0.2886943813118524,0.1482431612775777,-1.6767003984729034,1.3296892061227008,0.0913010968494833,0.0016131936944342,-0.5021716373424445,-0.8815708502688215,8.61313824443198
machine_temperature_system_failure,-0.0253156115251623,0.0304574610000041,-0.0572818416831862,-1.4311242398405897,1.402547296630407,0.0912289139680791,0.0017702775963563,-0.5516060119122418,-0.9359508732706536,11.50713795385624
nyc_taxi,0.5056031631630568,0.4918179769779939,1.3647256870085824,0.0722835343333132,0.8235653372569083,0.0904535748939341,0.0018391542369927,-0.4115232669994435,-1.1585949119365024,10.71563733219936
occupancy_6005,-0.0686981996552324,0.0614515005835314,-1.273813595919035,-0.0705583424650031,1.110109785639403,0.0916909008528807,0.0018151659682681,-0.5657314435912468,-0.9400126815936498,9.247477962370407
occupancy_t4013,0.0030961520930305,0.0801925093439777,-1.2406762902887467,-0.1665154912334121,1.3052285363521483,0.0914950472005262,0.0018559662576348,-0.5530474780852275,-0.9889209189376068,9.29338796345168
rds_cpu_utilization_cc0c53,-0.1447934832064767,0.0224699033229589,-0.100403462750744,-1.6384969009891914,1.2987478422815246,0.0905928829022598,0.0017676269330348,-0.4277106525582324,-1.0944818724374663,9.780667630574952
rds_cpu_utilization_e47b3b,-20.132602755010097,1807.7508776734296,-1.4624168695097748,0.1979901411355853,0.5621304438988843,0.0913071302732443,0.0016363823251797,-0.0787577662935642,-1.7059432608541465,9.805546955861187
rogue_agent_key_hold,0.2190257884946276,0.0388978880670981,0.6517954079497762,-0.8345445975441295,1.1740410783953146,0.0927004638497495,0.0014392430142976,-0.623115554816871,-0.6145797044004189,9.044275809400167
rogue_agent_key_updown,-0.0125321185229183,0.0189714663425829,1.0877630250912844,-0.1838334364910081,1.3447546083098332,0.094237318082463,0.0011250589113152,-0.5845406568570959,-0.4451362770806044,10.112561995688946
speed_6005,-0.0340679791049044,0.0304250138486252,0.0947149984668702,-0.6946365307108509,1.2895633864019111,0.0905643016415341,0.0018398909801454,-0.5143980275981704,-1.0054826540041912,9.292399892782395
speed_7578,-4.124851724312968,135.66707365701592,-1.291618156885504,0.0108197642394229,0.8463723847515275,0.0961128160879899,0.0007089545450746,-0.9915760655086014,1.0232793577517525,8.586318470870994
speed_t4013,-1.5275567349715982,6.390982807299914,-0.8848066402137129,-0.8259391536380236,0.9925445184903192,0.0924003537647197,0.0011357280506738,-0.7594558335971453,-0.106101849177516,9.347656100050688
