Dataset,AE_1,AE_2,AE_3,AE_4,AE_5,AE_6,AE_7,AE_8,AE_9,AE_10,AE_11,AE_12,AE_13,AE_14,AE_15,AE_16,AE_17,AE_18,AE_19,AE_20,AE_21,AE_22,AE_23,AE_24,AE_25,AE_26,AE_27,AE_28,AE_29,AE_30,AE_31,AE_32,target
ambient_temperature_system_failure,0.120934464,-1.0924718,1.5978783,0.082874775,-0.51153636,-0.17091915,-1.6681212,1.1643785,0.85444415,0.41269398,-1.8169296,0.280851,-1.2785894,-0.8015042,1.0838292,0.04258869,1.0187749,-0.046092592,-0.58315724,0.08909412,-0.5323667,-1.4363827,0.9283246,0.7361504,-2.0565493,-1.7553259,-1.7865142,2.1490679,0.71612096,-0.3235265,-1.4114392,1.2997128,0
art_daily_flatmiddle,2.628427,-2.800136,1.5732001,1.0602168,-0.9881329,-2.9412942,-1.142677,1.2047218,0.7097833,-0.567851,-2.335016,2.3161085,-3.135735,-2.3489,2.1377778,-0.005812343,-0.088131845,2.0003984,2.9043465,0.858834,0.95129424,-1.4956563,-2.019645,3.5844326,-0.79367584,-3.179272,-0.9475449,0.99592805,0.07000619,0.63118666,-1.8898953,1.037928,1
art_daily_jumpsdown,1.9330827,-1.9331415,0.77088976,1.372474,-0.5890057,-2.8571973,-0.67112523,0.98558974,0.19738026,-0.9962259,-1.8564011,2.5969467,-2.4063501,-2.850382,1.5368546,0.3014183,0.95556885,2.1758904,2.1864405,0.25279155,1.1508598,-2.003527,-0.5836027,3.108336,-0.38631114,-3.1306865,-0.47625962,0.46186665,0.17326832,1.0702684,-0.54482824,-0.029867698,0
art_daily_jumpsup,2.812681,-1.9562045,0.7474346,0.6638179,-0.26397464,-1.8374251,-1.0098182,0.8904556,0.35414577,0.4709529,-2.9135544,2.576249,-1.9917829,-2.0692313,1.3115937,0.16040383,0.12516649,1.9973334,2.129631,0.68591696,0.36383116,-1.4005964,-1.8714069,2.9505565,-0.63935995,-2.5756772,-1.0450329,1.1564242,-0.60705304,0.5175126,-1.5556452,0.76187146,1
art_daily_nojump,2.015862,-1.716365,1.0651463,1.5531394,-0.6026961,-2.5708592,-1.0025923,0.9771926,0.51575005,-1.3151631,-1.7351112,2.4053733,-2.5069122,-2.6090126,1.9510493,0.329772,1.4415638,2.049587,1.5910431,0.42439434,1.1534262,-1.761212,-0.4218308,3.1987884,-0.49289104,-3.1799822,-0.42314368,0.39310613,0.6147617,1.3313599,-0.7240475,0.27337822,0
art_increase_spike_density,-0.0069793426,-2.064463,2.9096298,3.6784003,-3.1343715,-0.6896949,-2.0983112,2.1766517,2.7331944,-5.6047072,-0.19446193,1.7989705,-3.4546494,-3.1584876,6.0272493,0.12726524,3.1475456,1.7555465,0.6664445,0.2284294,3.8931508,-0.2906613,0.9092093,4.2144837,-3.3086479,-6.5140414,-1.10167,-1.4187326,2.7586215,1.7000589,-3.8370287,3.5508533,4
art_load_balancer_spikes,0.4904631,-1.1764221,0.5922191,-0.5530183,-0.37122017,-0.85057455,-0.5967427,1.2823839,0.42923445,0.5917548,-1.0476652,0.3353178,-1.8512396,-0.97723883,1.1817482,0.38059193,-0.422574,0.21590987,0.6177791,0.8032551,-0.11183877,-0.5479884,0.11962601,1.1604384,-0.8359361,-1.1190244,-1.1360276,0.34856814,0.12296731,-0.41515636,-1.0408423,1.4335065,1
cpu_utilization_asg_misconfiguration,0.026177954,-0.84702563,1.3055092,2.0057285,-2.6837816,0.18467988,-2.9969096,3.416387,3.0257797,-4.046602,-2.268919,2.2910492,-4.965304,-2.9510875,3.917479,-0.34380388,3.2824078,-0.914884,-2.2128692,0.14574853,5.3161874,-0.37986133,1.980965,2.8361773,-5.4146137,-6.5876527,-3.5314703,-1.2016194,1.8686016,1.0235922,-5.1918306,3.9336596,4
ec2_cpu_utilization_53ea38,-2.1802542,-5.1727257,6.2130456,2.882923,-11.11229,-3.2735848,-4.968931,7.079469,4.086552,-7.808892,6.194976,2.418215,-9.1723175,-6.1728454,9.526895,-2.7427306,4.539432,7.6149135,6.822459,7.6679864,0.22864792,2.3970623,2.0089839,9.054777,-6.455267,-9.33157,2.2015734,-2.026396,-0.8756838,-1.859241,-8.705502,5.1457524,2
ec2_cpu_utilization_5f5533,0.5769976,-3.077596,7.525172,-6.3671875,-12.563193,-3.6123562,-8.308922,3.9958508,-2.9699936,-0.4589914,0.8214889,1.2796502,-9.343176,-2.3483253,9.168244,0.11322485,-2.1694407,4.262838,4.563419,12.301971,4.343567,-3.3572192,5.929978,10.811874,-4.819832,-4.687215,-2.363289,-3.4295576,7.0670457,4.9539757,-2.9523172,8.909821,4
ec2_cpu_utilization_24ae8d,-0.036245845,-1.147897,1.1465839,-0.1375187,-0.8688713,0.33613223,-1.7811302,0.64126074,1.8010721,-1.2097374,0.26677388,0.9306934,-1.1491184,0.039942853,2.229891,0.5925071,0.8065383,-0.529141,-0.20615244,1.4536264,0.16375193,0.4572318,1.4453124,1.8116544,-1.1238585,-1.1907425,-0.54914993,0.34895375,0.66523397,0.46433738,-1.1053007,0.9792567,0
ec2_cpu_utilization_77c1ca,1.1073104,-1.7037129,1.2659969,0.66476977,-0.33924103,-1.525906,-0.69904494,0.52715313,0.7972804,0.24417377,-1.920116,0.897876,-1.9369736,-1.2484211,1.5422044,-0.4522068,0.096312635,0.964494,1.0820264,0.4731735,-0.316228,-0.9067531,-0.5926956,1.5151157,-0.89190966,-1.8487804,-1.2968093,0.751832,0.3042525,-0.35810378,-1.2563956,1.1968501,1
ec2_cpu_utilization_825cc2,-0.16052854,-1.360675,1.7285681,1.2982886,-1.984686,0.30748463,-1.545111,1.0197095,2.196085,-3.1206703,0.26276886,1.265964,-2.1702218,-0.9931429,4.0844746,0.44898716,1.2753117,0.54501605,0.15567288,1.0290806,2.1505485,0.52158403,1.4689455,2.6277528,-1.9533178,-3.0527916,-0.49336424,-1.2057953,1.8921561,1.3668544,-2.028838,2.0771215,4
ec2_cpu_utilization_ac20cd,0.9802456,-0.8264111,0.17160872,0.1283098,0.29058257,-1.0759447,-0.7077011,0.8490866,-0.27083412,0.7414831,-2.7179463,2.0445242,-0.9325155,-1.4880346,0.8067142,0.062429234,0.021875698,1.5063436,1.0688447,0.035143528,-0.24529013,-1.7742068,-0.345767,1.9098327,-0.5201707,-2.0783954,-1.295603,1.2390325,-0.7033608,-0.1285859,-0.84399277,0.15710251,1
ec2_cpu_utilization_fe7f93,1.2485325,-1.6697873,1.2640891,-0.07453563,-0.37628597,-1.0270468,-1.3255489,1.2461481,0.88351303,0.025596336,-1.2123755,0.3486017,-2.218223,-1.1455756,1.7642107,0.043936945,0.18016407,-0.124622405,0.5845287,1.0480813,-0.01454442,-0.54909366,-0.0029917248,1.6678424,-0.8611872,-1.5161605,-1.2436285,0.43418685,0.34700888,-0.032280978,-1.2057229,1.4647532,2
ec2_disk_write_bytes_1ef3de,3.7668438,9.134649,-11.051338,12.890744,-7.8563075,-1.194378,4.095692,1.3608766,3.0825486,4.415799,-6.385983,19.341652,-10.942207,-11.916307,3.4944804,-6.064249,9.230971,12.934338,-4.6710167,7.038415,5.6218977,-0.25112516,1.8862171,4.409289,-3.5476997,-6.232118,-9.661238,2.6924217,0.03506621,-4.7153206,-13.491112,-3.7916994,1
ec2_disk_write_bytes_c0d644,-1.4780077,7.1166387,-4.1320386,9.58038,-3.4219518,5.491484,-7.0801272,-6.816012,10.681223,12.106648,-14.577003,19.42166,-8.903448,-10.931824,8.866403,0.8518077,11.873438,12.663845,-13.590367,3.526389,-5.2693453,1.1713636,10.280556,1.0239146,-5.3881946,-6.2937827,-12.377207,2.907601,4.2892528,-4.500974,-10.127943,0.82286686,0
ec2_network_in_257a54,-0.88510126,0.7373044,-0.44816843,1.3091669,-1.0500703,0.61628675,-0.8424952,-0.6447777,0.8793217,2.186678,-2.7842274,2.6802683,-1.0315225,-1.3157725,0.97072107,-0.31822687,0.553059,2.167755,-1.214799,0.11330336,-0.20577073,-0.4795694,1.0235404,-0.7289914,-1.8073677,-0.630224,-2.8977244,1.5170022,1.4310273,-1.57583,-2.2089317,-0.041890446,1
ec2_request_latency_system_failure,1.1576694,-1.487059,1.6051537,-0.6446659,-2.794912,-1.4075508,-1.00442,1.7391623,-1.0777562,0.43849507,-0.2758164,0.08373858,-2.308628,-0.9147352,1.1662706,-0.9868357,-0.8749326,1.1506344,2.0911117,2.1927552,0.31831396,-0.25622725,-0.7068809,2.235944,-0.63174474,-1.4531087,-0.50428444,0.23978335,0.25285804,-0.2484921,-1.5839117,1.7744147,0
ec2_network_in_5abac7,1.1378876,-0.2883227,0.59193385,0.4889277,-0.9975042,-0.9862574,-0.71270823,1.1127331,-0.44103602,0.07121827,-0.56421673,0.35638627,-1.6103307,-1.5033556,0.29403245,-0.7487439,0.9866383,0.27003905,0.42310533,0.720448,0.28896168,-0.27132395,-0.1898013,1.10452,-0.39030382,-1.5093868,-0.4926762,0.26594278,0.2818029,-0.14556548,-0.91085184,0.47550854,0
elb_request_count_8c0756,0.78224206,-1.4331563,1.8567576,1.7027602,-1.5802913,-0.7408234,-1.9448518,1.0811683,2.116042,-2.553276,0.20319411,0.5969415,-2.1431475,-1.3241185,3.4083602,0.05036237,2.2549345,-0.11624245,-0.35709864,1.5855207,1.184705,-0.3067168,0.67474014,2.6657073,-1.625639,-2.9980955,-1.36121,0.3008778,1.427681,1.1016307,-2.1536994,2.213959,0
exchange-2_cpc_results,2.5622857,-2.6131668,2.309253,2.2273016,-1.5185778,-1.7065619,-3.0607631,1.1979176,3.5943987,-4.0027666,-1.1481102,2.5223167,-3.2061334,-1.7008569,5.778881,0.9531108,2.8034265,0.9631804,0.5086457,1.6921936,2.4568052,-0.9642711,-0.035655163,5.1686726,-2.4226892,-4.1137347,-1.4278728,0.8068588,2.1010728,2.5847483,-2.6298542,2.4425137,4
exchange-2_cpm_results,2.5818813,-2.727746,2.5635517,2.6639578,-1.6962341,-1.8731449,-3.030871,1.2244492,3.5642614,-4.4233875,-1.2536412,2.8408074,-3.304946,-1.7844044,6.08158,1.0728545,2.9769988,1.296826,0.729673,1.6488125,2.76044,-1.2529975,-0.068685636,5.6383944,-2.5436604,-4.538188,-1.5684705,0.9389706,2.333315,2.957393,-2.8081472,2.5113757,0
exchange-3_cpc_results,2.0327542,-1.9845421,1.6264417,0.25667855,-0.5283051,-1.5480826,-1.9019176,0.8713627,0.52738756,0.22426854,-2.4319134,2.2730243,-1.2545233,-0.58709425,1.5752428,-0.019811299,0.5325554,1.7143639,2.1072526,0.8253828,-0.78486145,-1.3866299,-1.0038618,3.6051314,-1.2130314,-1.9976023,-1.1869149,2.6028433,-0.4811572,0.3060543,-1.4090828,0.50091064,4
exchange-3_cpm_results,1.5837722,-1.8294212,1.797474,2.2232692,-1.4551713,-1.0245737,-1.9893734,0.856678,2.2234085,-3.3855155,-0.8646107,2.3023443,-2.148849,-1.0697279,4.4005075,0.9661766,2.07448,1.2251105,0.6072234,1.1013603,2.3673286,-0.96464103,-0.14261529,4.1727777,-1.9054638,-3.5545936,-1.0251315,0.586475,1.8061974,2.645666,-2.0593839,1.64742,0
exchange-4_cpc_results,1.1980695,-1.5638748,1.5236684,0.2422938,-1.1464124,-0.71188504,-2.152342,0.26151106,1.5844246,-1.5339534,-0.4637582,1.866992,-1.4111277,0.25345418,2.643633,0.8485875,0.755485,0.8246906,1.2521487,1.6745491,0.8480612,-0.112959385,0.011392929,3.4951615,-1.3895122,-1.3686419,-0.4601726,0.88474095,1.1081729,1.6172626,-0.99456424,0.74179894,4
exchange-4_cpm_results,1.2659801,-1.7027012,1.754044,1.0289621,-1.479357,-0.7775603,-1.8618973,0.28794393,1.9958972,-2.3012516,-0.33223248,1.8014305,-1.6693646,0.045771502,3.363496,0.57327783,0.9042312,0.8370106,1.2117952,1.6140416,1.4629084,0.098037824,-0.11312059,3.7020712,-1.4506489,-2.037866,-0.5974159,0.47393054,1.5052146,1.9126654,-1.5442255,1.188268,4
grok_asg_anomaly,0.82252985,-0.83927417,0.6984682,0.3747629,-0.8686832,-1.0109776,-0.35083482,0.96700084,-0.37073523,-0.07365454,-0.56827885,0.05029282,-1.5393946,-1.1397873,0.39637387,-0.41438472,0.033376075,0.19921575,0.74245507,0.62388104,0.73844266,-0.56690097,-0.49481577,0.7627468,-0.611934,-1.2361163,-0.93916607,0.06413625,0.320343,0.012916874,-0.93223226,0.87586707,0
iio_us-east-1_i-a2eb1cd9_NetworkIn,1.0012596,-0.28251824,0.9543524,0.80490637,-0.87574613,-0.72090733,-0.8549783,0.2768977,0.36984834,-0.46006852,-0.22740932,0.90109664,-0.6117896,0.31822667,0.8052308,-0.13786948,0.9115248,0.34973118,0.8400119,0.9974871,-0.107515186,0.0025914423,0.0063200817,2.5157518,-0.28148183,-0.7465883,-0.07746397,1.4999666,0.6635914,0.77314454,-0.38525382,-0.15656422,4
machine_temperature_system_failure,0.46841988,0.17684236,-1.5581197,0.7281027,0.3859566,-4.188321,-0.9367172,6.6383686,0.72360605,0.09131286,-6.4402227,-0.45619753,-3.4957714,-6.445281,-2.162539,-0.24717252,1.6667527,-1.3680469,-0.17879184,0.5595174,4.6027813,-2.6762626,-0.74814785,0.19893281,-6.058299,-6.7712307,-3.3610308,1.6860956,0.66296387,-0.3221016,-3.8333688,2.6325188,1
nyc_taxi,0.339602,-0.45211172,1.1785586,0.7149564,-1.4238628,-0.048147537,-1.5575578,1.8273351,1.456741,-1.6029283,-0.14288472,0.25255185,-2.1327386,-1.0107964,1.3402433,-0.18330728,2.009703,-1.2233276,-1.2258172,1.1976374,1.3574206,0.262099,1.119309,1.5464003,-2.0227156,-2.8291132,-1.2486743,0.010944109,0.7741003,0.5984425,-2.4626231,2.1390626,4
occupancy_6005,1.8735213,-1.2320629,0.68951976,0.32810965,-0.36564326,-2.0955594,-0.7806481,0.99144834,0.16557088,0.444793,-1.7366253,1.4606321,-1.6352042,-1.3836037,0.9380847,-0.49764016,0.742053,1.3243364,1.6619427,0.98425096,-0.57906497,-0.768258,-0.059332736,3.0094397,-0.09208426,-1.7423579,-0.6183731,0.83776176,-0.13322577,0.16102666,-0.30906647,0.20568642,0
occupancy_t4013,1.9336581,-1.7705703,1.6427971,0.49550915,-0.62927705,-1.6782415,-1.2925338,1.1860983,0.77269655,0.4015446,-1.7919978,0.6477354,-2.0846477,-1.0579998,1.8239739,-0.6123859,0.6693177,0.4745535,1.1015651,0.97149944,-0.81062245,-0.54420865,-0.15831274,2.6009443,-0.6098593,-1.778987,-1.0857788,1.3023397,0.31780678,0.034231745,-1.0551298,1.114961,1
rds_cpu_utilization_cc0c53,0.08231887,-1.0086578,1.025697,0.30040327,-1.1119813,0.27328977,-1.4530437,0.57198656,1.4899254,-1.5248157,0.034578368,0.829221,-1.3782568,-0.32549435,2.5958903,0.5117119,0.6854026,0.11102322,-0.10609979,1.0700412,1.08048,0.27745548,0.9901652,1.6704626,-1.3194605,-1.7064648,-0.49775967,-0.48476186,1.0340133,1.0491412,-1.1570641,1.3646884,0
rds_cpu_utilization_e47b3b,-0.97939557,-1.8416578,2.3872888,2.8722463,-3.013472,0.38433954,-1.4356657,1.6841925,1.994351,-4.6820254,-0.31674075,2.315901,-2.7523298,-2.2105198,5.0825906,0.5653894,1.8902067,2.2290363,0.6551109,-0.1303344,3.6591537,-0.3564305,1.0420496,3.187213,-3.1896935,-5.3188524,-0.9482583,-1.443679,2.2952511,1.4860446,-3.3697395,2.7061026,2
rogue_agent_key_hold,1.4208758,-1.2115682,1.2635131,0.23431668,-1.0017345,-1.1783552,-1.0410167,0.8346962,0.06660213,0.3126267,-1.2448788,0.81874007,-1.3810403,-0.44630283,1.0920687,-0.45687976,-0.031315405,0.7082698,1.6055894,0.8338492,-0.30775264,-0.26782,-0.7666723,2.3991725,-0.43339986,-1.3180838,-0.4121585,1.2974926,0.24524185,-0.029308528,-0.97976416,0.62625647,4
rogue_agent_key_updown,0.13908595,0.37201083,-0.4919239,0.71286696,-1.2023299,-0.43691957,-0.046184808,0.7664652,-0.8479691,1.1479526,-1.5384755,0.48543626,-1.2129266,-0.8070093,0.17246667,-1.0697032,0.013183467,0.33380413,0.58080983,0.076964945,0.6878275,-1.2930859,-0.17349005,0.26607415,-1.463935,-1.038453,-1.0180514,1.078737,0.24902715,-0.53462046,-0.99613816,0.13342114,0
speed_6005,1.2989491,-2.1395004,2.202059,1.4018716,-2.2451668,-2.3324444,-1.7380484,1.8418858,1.093124,-1.57216,0.35176092,0.75528866,-2.9735332,-2.0851257,2.7490816,-1.3394878,1.9283643,1.4993994,1.6768751,2.284767,-0.3943123,-0.3458793,-0.20359442,3.5419712,-1.0008571,-3.0452654,-1.281378,1.1240766,0.11285652,-0.6187243,-2.2742887,1.5923094,0
speed_7578,1.2563115,-0.26205382,0.5296403,1.0625303,-0.8531303,0.26268905,-1.1469479,0.7375491,0.34710643,-0.034965117,-1.8788513,2.472468,0.5855698,1.1039636,0.15877798,0.7425886,0.7562709,1.151148,1.8587024,0.38806432,-0.1362121,0.3489921,-1.7117778,3.901641,-0.81409526,-1.5970469,0.7874645,2.9330242,-0.74782324,0.9551788,-1.2313836,-0.7826619,0
speed_t4013,0.6589654,-0.0375496,0.44480598,2.1419716,-1.1292189,-1.3857641,0.85826284,2.8024712,-0.14546026,-2.3501651,-0.7003268,1.9089603,0.42427078,0.15766546,-0.086701766,0.3241689,1.2566109,1.6348883,1.9610974,2.0444808,1.3398429,-0.81942934,-0.9622125,4.2951264,-0.9250397,-2.4934428,0.094430745,2.693608,0.34777546,1.569812,-2.0062287,-0.63776964,1
TravelTime_387,0.73716784,-0.85736316,1.4265044,0.6033797,-0.61198515,-0.9475682,-1.1578405,0.3958307,0.45809042,-0.4046578,-0.2524512,0.0048169717,-1.0189638,-0.43187225,1.3285117,-0.4624434,0.9449626,-0.07528236,0.3785309,0.87706697,-0.48168093,-0.3048844,0.61314005,1.5323675,-0.24545276,-1.108675,-0.5943682,0.7687512,0.8268995,0.32244265,-0.4131411,0.59770536,0
TravelTime_451,1.2017108,-1.3552274,1.0734904,0.17885385,-0.15750632,-1.1101701,-1.3838663,0.42438838,0.42540988,0.14261572,-1.5210176,1.3210411,-1.0280211,-0.5377697,1.2908777,-0.025682256,0.612034,0.7990688,0.996183,0.56388634,-0.74309725,-0.90006745,-0.04822705,2.2242508,-0.49592054,-1.2833551,-0.75791645,1.370541,0.056846805,0.2052922,-0.36377445,0.15485528,1
Twitter_volume_AAPL,-0.2605833,-0.8952406,-0.5688933,-0.315312,-0.5819778,-0.6826805,-1.9129134,3.2112691,0.77462506,1.8646564,-4.618985,1.0260961,-3.665362,-3.9920661,-0.26549715,-0.3711887,0.30737144,-0.47088182,-0.8009772,0.11392361,2.1779475,-2.9640405,0.09069043,-1.4253808,-5.16966,-3.835222,-3.216829,1.3046162,-0.5130255,-1.131103,-3.6166384,1.8087082,1
Twitter_volume_AMZN,0.11444126,0.3178776,-1.0861645,0.04151368,-1.6295677,-2.0738215,-0.41574946,3.5401847,-0.7794558,1.6448095,-3.1726158,-0.08381307,-3.7387867,-3.5522678,-0.76509833,-1.4553181,-0.065056294,-0.27726138,0.6718741,0.6882599,3.0945733,-2.1979356,-0.24906799,0.107568525,-3.922728,-3.7598517,-2.6454105,0.35633448,-0.056850463,-0.51343477,-2.789176,1.8380984,0
Twitter_volume_CRM,0.34318078,-0.35841656,-0.39923742,0.12186396,-0.9122679,-1.9880173,-1.1498932,3.7851405,-0.13367613,1.2429842,-3.7445965,-0.067243695,-3.5553184,-3.60496,-0.42923105,-1.1753665,0.6479092,-0.4416384,0.15341942,0.51010484,2.267226,-2.4124756,-0.14039314,-0.030329892,-4.1738973,-3.9332128,-2.5108416,1.0036538,-0.06308823,-0.76092017,-2.877965,1.9236902,1
Twitter_volume_CVS,-0.08956347,-1.0383244,-1.0043062,-1.0724893,-0.088395625,-0.81960005,-1.6318027,3.312446,1.0283009,2.1827912,-4.8435783,1.4886787,-4.043093,-4.1633077,0.10380045,0.28559902,-0.39217645,-0.20449585,-0.7139794,0.12988557,1.8847939,-2.4056656,-0.03860765,-1.0469999,-4.6486907,-3.8172503,-3.1040227,0.61160684,-1.2083,-1.3500099,-3.571782,2.383398,1
Twitter_volume_FB,-1.5598751,2.044289,-1.0263731,-0.5988537,-2.1371205,-0.05732847,-1.9382149,3.3294237,-0.15165514,1.8283831,-5.5753164,0.62399346,-1.7576566,-2.854295,-1.6534619,-0.36775932,2.124166,0.63884777,-2.7571967,-1.0775504,2.8724911,-1.3687973,0.1608302,-1.4839796,-6.0698414,-4.570927,-2.1474936,1.4593234,2.4787621,-1.0499146,-3.6444762,1.9757566,1
Twitter_volume_GOOG,0.5402319,-1.1830599,0.64624715,0.048766643,-1.006852,-1.5907631,-2.0046399,3.726682,0.9217684,0.059178025,-3.0234454,0.20066881,-3.8756642,-3.4136095,0.1419602,-0.92184114,1.2035391,-0.9344637,-0.6054459,0.88164544,2.2103398,-1.8920327,0.56930184,0.06630609,-4.204507,-4.1335526,-2.7257497,0.95982534,-0.02422721,-0.69502044,-3.4884443,2.502015,0
Twitter_volume_IBM,-0.1852392,-0.8533407,0.11932903,-0.4830304,-0.746501,-1.5823225,-1.4737991,3.8300576,1.0855545,0.8196069,-3.2012765,0.18504624,-3.7779055,-3.1071808,0.36866546,-0.3907118,0.4864578,-0.82558674,-0.29783297,0.9099339,1.8323092,-2.0559676,1.1042887,0.3962482,-4.177873,-3.6910706,-2.5373554,1.0717628,0.08278896,-0.765259,-2.9907718,2.3791125,1
Twitter_volume_KO,-0.14789024,-0.03366809,-0.8491683,-0.26117405,-0.8260899,-1.4539639,-1.218239,3.752706,-0.0068657342,1.8583101,-4.3891616,0.039321914,-2.9378338,-3.399086,-0.77463514,-0.88982844,0.7500733,-0.6532108,-0.16195726,-0.0033744173,1.982547,-2.6095996,0.18171662,-0.44340354,-4.7701283,-3.8898225,-2.188894,1.4755443,0.00410223,-0.89959383,-2.7633443,1.6714711,1
Twitter_volume_PFE,0.82522935,-0.84851724,-0.024561193,-0.3703455,-1.2389349,-2.0246916,-1.5049134,4.0135894,-0.019448746,1.3078034,-3.184368,0.16379403,-4.218585,-3.946842,-0.52878076,-1.1704888,0.8281521,-0.5088855,0.2928226,1.0654548,1.9303173,-2.081829,0.19096327,0.21754643,-3.970761,-3.9757826,-2.2788873,0.6386121,-0.7060205,-0.8553876,-3.0844274,2.158644,0
Twitter_volume_UPS,0.0855733,-0.6951481,-1.396345,-0.7566464,-0.7661734,-2.0203488,-1.0225852,3.8109853,0.38325787,2.1967244,-4.1892204,1.3000758,-4.7729397,-4.9334235,-0.49979076,-0.59330076,-0.28089243,-0.06891897,0.0111228665,0.68214804,2.4635882,-2.4902503,-0.0076134466,-0.56684715,-4.224425,-4.3383036,-3.2375307,0.25699252,-1.3697062,-1.5580158,-3.6694648,2.2937207,1
IOPS_3,0.18653113,-1.1712586,-0.110306695,-0.6728291,0.3399464,-0.7625124,-0.7552565,1.9064983,0.75737834,0.9971404,-2.8223464,1.0810659,-2.1755042,-1.8604604,0.5591789,0.6700294,-0.38966084,0.07110955,-0.16175829,0.0835277,0.25633994,-1.2283912,-0.17644197,0.22105397,-2.1108866,-2.1109042,-1.7834452,0.74712646,-0.7151934,-0.8208404,-1.87444,1.5303768,4
IOPS_11,0.2377589,-1.1221107,-0.04496843,-0.5424011,0.21188089,-0.80929375,-0.7274747,1.9198574,0.6391107,1.1198772,-2.8388803,0.9120067,-2.0948853,-1.90719,0.48501527,0.4927623,-0.3157512,0.24542576,-0.021933021,0.10848901,0.23046425,-1.3174412,-0.35863817,0.12576081,-2.296902,-2.1300335,-1.8373353,0.93428826,-0.62907434,-0.86318344,-1.9590832,1.5835373,4
IOPS_19,0.6092379,-1.1982979,1.6213478,0.32111222,-0.7720166,-1.0982584,-1.7162316,1.9462231,0.90312445,-0.61543536,-0.79268473,-0.6063521,-1.9964465,-1.4034847,1.2928059,-0.3772592,1.2821655,-0.8227601,-0.44643125,1.0141461,0.12851328,-0.36231744,0.6284372,1.1246743,-1.384782,-2.4637892,-1.3028435,0.61088836,0.59674454,-0.19020972,-1.7832788,2.1869483,0
IOPS_24,0.7008366,-1.1408099,0.6558294,-0.39853027,-0.13496116,-1.0927724,-1.0653427,1.5462749,0.38738444,0.33353207,-2.2472415,0.4270598,-1.7872113,-1.3905683,0.2288706,0.34148002,-0.033890855,-0.16205369,-0.30085048,0.4603032,0.7924053,-0.9238329,-0.0063430667,0.17581636,-1.7500993,-1.751997,-1.5108958,0.49865252,0.49467543,0.16614673,-1.4193519,1.4635673,0
IOPS_46,0.6220735,-0.8374524,0.6795012,-0.47457722,-1.3786418,-1.1563104,-0.8840196,1.7008238,-0.5381939,-0.02507262,-1.0762844,0.06741685,-2.1586084,-1.2863657,0.10797341,-0.066507965,-0.46525815,-0.12383625,0.19873513,1.0078461,1.9973717,-0.43096876,-0.0913436,0.42661172,-1.4836979,-1.5892713,-1.6480349,-0.44150764,0.9462731,0.5083536,-1.4552028,1.510648,0
IOPS_52,-0.3561895,-3.5532234,3.7295055,0.44924352,-1.7267622,-1.3016363,-3.2089777,3.7784872,2.7797534,-1.1941277,-0.5959074,0.4759937,-3.8353715,-2.1915135,4.6286917,-0.16546714,2.0969858,-0.3924289,0.10398962,2.0988579,-1.6608816,-2.2879937,2.8154933,3.3664095,-2.968797,-4.664376,-3.06329,3.70397,0.15866742,-1.2887242,-3.8358319,3.2866282,0
IOPS_59,0.9918427,-1.0277708,1.3390126,0.40357763,-0.82416314,-1.2867006,-1.3018409,1.9080648,0.4992476,-0.7021687,-0.8266734,-0.5588751,-1.9823505,-1.5236051,0.7021036,-0.6954783,1.1577274,-0.54353845,-0.033283003,0.90406775,0.76074326,-0.39337382,-0.020042311,0.9871194,-1.4657872,-2.384327,-1.3307074,0.43190852,0.6073067,-0.13499932,-1.798226,1.9393009,0
IOPS_68,0.8401291,-0.5888001,0.42610085,-0.0826991,-0.58727705,-1.4493299,-0.8169083,1.8080212,-0.11742345,0.68119067,-1.8271068,0.17039755,-1.8086894,-1.8458298,-0.046038467,-0.63732517,0.8597057,0.23803228,0.22619003,0.5630811,0.08276412,-0.8474467,0.17857528,0.7166243,-1.490868,-1.8809639,-0.9982784,0.750269,0.079542264,-0.5243612,-1.0290929,1.0054599,2
IOPS_71,0.08181354,-0.6517495,-0.010250181,-0.2895831,-0.37883744,-1.0648197,-0.14821154,1.8511784,-0.03404563,0.6471579,-1.2120456,0.0023287088,-1.7167732,-1.566786,0.15200277,0.042296845,-0.29247698,0.12628268,0.48922706,0.49805984,0.48013657,-0.70352036,-0.18826014,0.5092901,-1.2456135,-1.6564153,-1.2118651,0.2354052,-0.2841702,-0.5188696,-1.2410944,1.2275662,2
IOPS_81,0.44990537,-0.5376675,0.3447404,-0.05175493,-1.1207905,-1.4148319,-0.3006085,2.202809,-0.6582436,0.79707396,-1.0922865,-0.28753284,-2.1457005,-2.0004075,0.2866349,-0.72195315,0.19989468,0.3584985,0.8828204,0.6957542,0.2844123,-0.84081024,-0.28257015,0.9390544,-1.1718029,-2.050857,-1.073271,0.2279048,-0.16841307,-0.6544446,-1.3910117,1.3260282,2
IOPS_87,0.45903385,-1.0595655,0.6139239,-0.2809149,-0.55314827,-0.88094527,-0.9241984,1.852172,0.14671141,0.38941595,-1.37322,-0.046073638,-2.0384393,-1.5753431,0.46901157,-0.064429194,0.047029722,-0.09928796,0.3449766,0.6616438,0.6669973,-0.9780572,-0.053817265,0.37500393,-1.8694199,-1.7199991,-1.4724331,0.43234065,0.060810275,-0.36270395,-1.5758746,1.5482405,2
IOPS_89,0.02213714,-2.1883345,2.3358142,0.28549466,-0.94678503,-0.86326146,-1.5315709,2.5216076,1.32276,-0.20704517,-0.7630786,-0.2065324,-2.4726639,-1.6782469,2.3667893,-0.5680078,1.0614061,-0.119993836,0.48610932,1.039382,-1.2606281,-1.4300559,0.99240047,1.6245216,-1.8989644,-2.8312,-1.8985587,2.056301,-0.11191741,-1.2386415,-2.6133676,2.2028537,0
IOPS_94,0.4067257,-0.93521607,0.7347677,-0.50251186,-0.40862566,-1.4786499,-0.6826567,2.0376155,0.08566178,0.119836986,-1.284466,-0.14143656,-1.8716558,-1.3277198,0.27672687,0.19650947,0.041767713,-0.038507573,0.081991814,0.93025035,0.49360174,-0.53163004,0.24719584,0.73261094,-1.1473156,-1.6442466,-1.1125194,0.1926478,0.51468205,-0.034759283,-1.1078101,1.4245467,0
IOPS_96,0.044233683,-1.2841247,1.4198339,0.16851172,-1.2721049,-0.9375782,-0.95088345,2.3460064,0.7462002,-0.60357994,-0.34575942,-0.21636066,-2.4163709,-1.6365262,1.6403395,-0.40637594,0.5907377,0.08603118,0.29803807,1.1373862,0.17709468,-0.20424545,0.615419,1.3209944,-1.3971777,-2.4552214,-1.2426215,0.17553842,0.2256625,-0.60392576,-2.154254,2.0601172,4
IOPS_102,0.46331763,-0.9516847,0.41334432,-0.16137978,-0.37200364,-0.8581036,-0.8839861,1.9136925,0.30157968,0.7754873,-1.9576383,0.3597759,-1.8155433,-1.6121535,0.4206922,-0.26762232,0.5116852,0.090367556,0.2786525,0.39628235,-0.08474613,-1.0881566,0.23557636,0.5809474,-1.9911203,-1.8792653,-1.2213761,1.0090507,-0.3069164,-0.69943154,-1.4745922,1.237672,4
IOPS_103,0.6212569,-0.9987864,1.3079283,0.37992018,-0.96271235,-0.94675076,-1.259488,1.9455625,0.6919441,-1.0788188,-0.42774963,-0.34918258,-1.8681521,-1.2473886,0.7994585,-0.2404312,1.1443621,-0.67564404,-0.32261124,1.1380862,1.0025661,-0.049247485,0.4038673,1.0547105,-1.4843458,-2.2504518,-1.2998834,0.07302761,0.75798404,0.25021732,-1.8380252,1.8882504,4
IOPS_104,0.7551893,-0.5737406,0.6284212,-0.0024157688,-1.4536315,-1.3930966,-0.48529318,1.9743224,-0.49694175,0.027327117,-0.5228347,-0.52252686,-2.157793,-1.6972915,0.2937509,-0.78190625,0.3618564,0.13928956,0.65222985,0.9257695,1.099387,-0.35040304,-0.18487182,0.9778879,-1.2386398,-2.0094972,-1.098206,-0.30929562,0.39912933,-0.06450754,-1.3770468,1.6426219,2
IOPS_116,0.86203426,-0.33145776,0.64759135,1.0398892,-1.7753264,-1.4799279,-0.22458705,2.0107343,-1.115225,0.028326191,-0.7080339,-0.47834313,-2.0568256,-2.2250624,0.2024163,-1.5078658,0.63353074,0.3997814,1.4658715,0.4100006,0.88190126,-0.8820825,-1.1942132,1.1876218,-1.2362092,-2.5799875,-0.9086633,0.37663454,-0.19523829,-0.50183994,-1.7975674,1.1764318,4
IOPS_118,0.9941411,-0.7153019,1.1805445,0.038513113,-0.8752687,-1.4133544,-1.2354643,1.8479109,-0.09526298,-0.052330583,-1.1108155,-0.60696876,-1.8477336,-1.5328256,0.3232963,-0.54880774,0.98931,-0.35456812,-0.048875682,0.744204,0.5405232,-0.5457461,0.21222994,0.84165823,-1.2878599,-2.0101087,-1.0413209,0.38071686,0.81377053,0.011725951,-1.1989557,1.7029291,0
IOPS_121,0.823248,-0.31674635,0.79295826,0.541905,-1.4645662,-1.4400522,-0.5153681,1.8941101,-0.54256916,-0.25458106,-0.6904124,-0.40591446,-2.2195468,-1.7126572,0.4026062,-1.0949216,0.6560442,0.11257243,0.45694244,0.50348794,1.3033808,-0.5072689,-0.33191338,1.1465751,-1.1406544,-2.4228425,-1.2448716,0.12812415,0.6361867,-0.18043332,-1.5692562,1.5147446,4
IOPS_127,0.34261388,-1.4195663,1.739014,0.9895653,-2.759843,-1.692769,-0.6140969,3.4019022,-0.23347253,-0.427525,0.015636178,-0.84073716,-3.0370307,-2.600388,1.8189611,-1.785344,1.0886377,1.0667212,2.217218,1.668905,-0.5538838,-0.77209955,-0.548343,2.1076596,-2.022421,-3.2529821,-0.59509116,0.637288,-0.45130637,-1.2989335,-3.0894332,2.2250357,4
IOPS_128,0.56603533,-1.1675272,0.54714644,-0.69303447,-0.9119401,-1.455417,-0.73935646,2.2766445,-0.0969074,0.923704,-1.4568166,0.22151123,-2.7685843,-1.9472457,0.7729312,-0.18298706,-0.062664635,0.38516998,0.6459873,0.76907337,0.08688632,-0.94302636,0.03816358,1.1714777,-1.3658996,-2.089454,-1.2205429,0.22736563,-0.26805213,-0.7996073,-1.4710174,1.6999062,0
IOPS_186,0.390534,-1.2380991,2.0813801,2.0459666,-1.9962825,-0.81866235,-2.1727557,2.0195272,2.4942951,-3.216793,-0.16564828,0.46428776,-3.0808616,-1.9845788,3.8037117,-0.42481703,2.802723,-0.63315517,-0.90345633,1.2203803,1.9189388,0.021162502,1.1759268,2.932463,-2.346866,-4.541647,-1.8165072,-0.1802331,1.7121363,0.63754755,-3.2030694,3.119354,4
IOPS_192,-0.5384144,-0.7890231,1.3350997,2.2736468,-2.9085,0.07260747,-1.3089852,1.6586317,2.0473096,-4.004885,-0.2459263,1.9639821,-3.224337,-1.9829288,3.8439188,-0.14137436,1.7029309,0.68921185,-0.027966043,0.31511033,4.2168775,0.23334633,1.3180157,2.6522372,-3.2215018,-4.6563926,-1.2505836,-1.5736744,2.0688565,1.1876585,-3.424942,2.5032182,4
IOPS_194,1.0565135,-0.38346884,-0.012049973,0.6437638,-1.5351523,-1.39801,-0.59128225,1.5623411,-1.2029318,1.3144413,-2.1768343,0.22668225,-2.5539813,-2.4254887,0.30159014,-1.4943702,0.06814051,0.75974953,1.039561,0.49898264,1.1583039,-1.588645,-1.2590417,0.35521308,-1.8599641,-2.160401,-1.9085733,0.4202181,0.018654227,-0.7172734,-1.8600411,1.1851895,4
IOPS_199,0.50837564,-1.3520571,1.790475,0.47613606,-0.94128895,-1.0790126,-1.7906345,2.230422,1.2541713,-0.84356165,-0.82765657,-0.26870805,-2.249457,-1.3886266,1.8293879,-0.32651946,1.4531877,-0.75772494,-0.65716505,1.3399886,0.04132619,-0.32621676,1.0498332,1.6272359,-1.4130608,-2.771589,-1.5678499,0.9453644,0.76419556,-0.21492124,-1.9981056,2.2169821,4
IOPS_218,1.0378718,-1.0509439,0.9931251,0.34688303,-1.0408963,-1.3223063,-1.1916748,2.1835933,0.07094139,0.33850768,-1.5715482,-0.17153434,-2.3036013,-1.9312611,0.6309029,-1.0809673,0.99497724,-0.016695851,0.54146105,0.79724896,0.27618477,-1.0122063,-0.22309998,1.0630246,-1.9063977,-2.5113811,-1.4016863,1.0431335,-0.025491007,-0.7123886,-1.8887509,1.6653057,0
IOPS_225,0.28619924,-1.44599,0.3178706,-0.37653497,0.48792163,-0.8912144,-0.9595183,1.8508703,1.2361175,0.57968485,-2.6315866,0.947243,-1.7734168,-1.6337818,0.64386904,0.52828735,0.2676726,-0.0733064,-0.13760336,0.32199708,-0.24404804,-1.2845336,0.39161807,0.40593505,-2.3010337,-1.9424307,-1.6546298,1.3326958,-0.5266001,-0.69997543,-1.6659592,1.3252615,0
IOPS_236,0.015245993,-1.1667831,0.10917842,-0.56969774,0.30311754,-1.1894051,-0.76413655,2.3785799,0.7111623,0.60437775,-2.8131316,0.99342483,-2.0901399,-1.8570535,0.4180384,0.73435354,-0.18709777,0.08687569,-0.11025042,0.39716846,0.3082489,-1.3217628,0.19196036,0.5752237,-2.1605766,-2.2079744,-1.6899008,1.0315636,-0.32842967,-0.6166574,-1.7016866,1.2639025,4
IOPS_241,-0.078031376,0.25289994,-0.3024046,0.5404511,-1.3948553,0.38099766,-0.8582924,0.6133078,-0.33725607,0.5198713,-1.5398744,0.9987367,-1.1011819,-0.79847944,-0.4696485,-0.7025963,0.37438262,-0.6905312,-0.34025392,-0.2958182,1.6940445,-1.1960719,0.39147428,-0.33120096,-2.1486192,-1.2776967,-1.3047901,1.1216639,0.25185585,-0.16165808,-1.4848019,-0.017620165,2
IOPS_242,-1.1717608,0.51556087,0.10452357,2.721747,-3.5179174,-0.99266815,-1.1555862,0.7258715,-1.7333162,0.40472323,-3.0673406,1.7029855,-1.9978552,-2.25525,-0.16673395,-2.3544223,0.5667728,1.1185458,-0.41996506,-1.0340549,3.1681638,-2.7906504,-0.719871,-0.60700864,-2.8535955,-3.1436641,-3.4661996,2.4382684,2.148032,-1.333636,-2.742334,-0.7341946,4
IOPS_243,-2.2654085,-1.0553284,-0.7296879,3.6790743,-6.8628902,-4.299359,1.9815364,2.034454,0.7673632,1.903314,-1.4000366,3.3194935,-6.06144,-1.9687363,5.279563,-3.1046574,-2.9445815,2.621543,4.847955,6.229275,4.6885743,-5.08062,2.7849066,4.3254175,-5.2122498,-2.3837056,-9.904942,4.790207,3.532484,-1.0270443,-6.329195,2.21411,2
IOPS_246,-1.0399514,0.70011115,-1.366365,1.0743928,-3.3001096,-1.5814148,0.33196285,1.5052018,-1.508455,1.9076622,-1.9791617,0.99751896,-2.5442228,-1.4394791,0.5847064,-2.085225,-0.88761175,0.82104796,1.598235,0.8576873,2.3957083,-2.8457549,0.29817066,0.75038886,-3.1349216,-2.037232,-2.6763487,1.9489511,1.0074725,-0.8860869,-2.006616,0.19324107,2
IOPS_255,0.7327199,-0.32491907,-0.30893454,0.431857,-1.1804565,-1.0570792,-0.4897865,1.594087,-0.95965105,1.2502778,-2.0903225,0.3213279,-2.2596564,-2.3697789,-0.0048393435,-1.1771028,0.21410151,0.5477391,0.6755013,0.32171217,1.091203,-1.7089117,-0.91158986,-0.090430714,-2.1023884,-2.0943136,-1.6559551,0.47455132,-0.22909427,-0.678858,-1.7538103,0.9865624,4
IOPS_256,0.40948588,-0.5395075,-0.03757623,0.030623477,-0.7399562,-1.1973813,-0.5018526,2.006718,-0.44368216,1.104111,-1.8505986,0.17365317,-2.0924177,-2.0024922,0.11459917,-0.65357447,0.24126382,0.23544282,0.5060631,0.44153872,0.52034414,-1.32964,-0.10957551,0.3680283,-1.7767076,-2.025328,-1.465401,0.6419323,-0.16546178,-0.72966236,-1.4814988,1.0752382,4
IOPS_261,0.80590737,-0.8385773,1.0630478,0.5660964,-0.55466354,-0.93660754,-1.0860107,1.7084826,0.60189563,-1.0684671,-0.64020604,-0.3113141,-1.6145775,-1.2233254,0.4945708,-0.35925257,1.2138138,-0.7478508,-0.28576824,0.7307789,1.0061599,-0.23531565,0.06276087,0.8399419,-1.3886561,-2.1208513,-1.215659,0.23469186,0.55900073,0.14597946,-1.6605248,1.545125,0
IOPS_264,0.86417735,-0.29605898,0.34165117,0.3591532,-1.0235878,-1.6378542,-0.45234537,1.9985821,-0.7783398,0.4147523,-1.2046212,-0.34830004,-1.924555,-1.9841249,-0.11774639,-0.9724476,0.6162048,0.1493802,0.64911634,0.6216522,0.82467127,-0.84069675,-0.5413564,0.8536302,-1.1648632,-2.155758,-1.1755707,0.47487086,0.23122537,-0.43194106,-1.2574493,1.1144915,0
IOPS_267,-0.0327994,-1.0577037,0.24819611,-0.3882969,0.09878478,-1.2737814,-0.6126115,2.3421896,0.4581105,0.59570485,-2.3358102,0.56786597,-2.1171603,-1.8128865,0.5679265,0.46349147,-0.13727535,0.12781855,0.18313827,0.44999692,0.18516931,-1.3385956,0.15362146,0.6314368,-1.8868146,-2.1089845,-1.4343964,0.9492788,-0.17059316,-0.67570317,-1.5542109,1.2331477,0
IOPS_269,0.9195539,-1.072375,0.95863867,0.562974,-0.79446065,-0.9463821,-0.6178546,1.0863094,0.42426538,-0.80013305,-0.42693734,-0.09706476,-1.5244551,-1.0693198,0.85502446,-0.38886958,0.49811313,-0.10594712,0.34037673,0.8494653,0.92253137,-0.03221758,-0.25551242,1.0144888,-0.76633227,-1.6246674,-0.99346656,-0.2596687,0.5395924,0.28302246,-1.2293097,1.3885431,0
IOPS_275,1.0782828,-0.94889784,1.4080676,1.0717198,-1.1729293,-1.4913185,-0.9563356,1.8702848,0.7664141,-1.4183153,-0.53385395,-0.40911093,-2.468833,-1.6782662,1.3398458,-0.7657918,1.187619,-0.43952546,0.07935599,1.1014411,1.5883074,-0.0058053397,-0.15050846,1.6115792,-1.2094405,-2.9772823,-1.4280843,-0.4040307,1.0796168,0.4262253,-2.1820004,2.2314053,4
IOPS_285,0.50878817,-0.7191562,-0.07808307,0.21670058,-0.23054415,-1.17883,-0.35928243,1.7082589,-0.0010816399,0.40791187,-1.9881591,0.2965321,-1.5742549,-1.8324397,-0.12869085,-0.16039655,-0.014393992,0.11071357,0.48518988,0.4005473,0.93099886,-0.9999388,-0.82431966,0.20549706,-1.7714654,-1.9568312,-1.3595302,0.62665254,-0.24068016,-0.42181647,-1.5457414,1.1061028,0
IOPS_319,0.38321498,-1.106697,0.7807796,-0.103678115,0.014031537,-0.873021,-0.86274904,1.7162044,0.75250846,-0.2596672,-1.2241032,-0.17487256,-1.3897436,-1.0987891,0.52752084,0.14104341,0.4848891,-0.422913,0.007703063,0.5888176,0.24704081,-0.569585,0.3157327,0.56862456,-1.5747905,-1.584983,-1.1064463,0.5692322,0.14578354,-0.1918699,-1.2163442,1.4058555,0
IOPS_327,-0.059165657,-1.354837,0.81697,-0.064980306,-0.25808668,-0.4836535,-1.452191,1.6216629,0.88776296,0.605447,-2.1720226,0.49859488,-1.9978211,-1.4732639,1.11526,-0.088609174,0.39575267,-0.14848949,-0.20737183,0.3005108,0.0503732,-1.690597,0.8417343,0.15855867,-2.6284018,-1.8190365,-2.1095743,1.3939729,0.15675853,-0.7258946,-1.7302351,1.3332354,2
IOPS_328,1.6309361,-1.890188,-0.8706608,0.12168134,-1.7066531,1.946942,-2.0717304,0.6430247,-0.6281866,3.5278742,-6.1803827,2.1230905,-2.8645349,-4.8132005,-0.08071103,0.14951997,-0.34498498,1.6017735,0.17264913,-1.4208254,2.142896,-3.9065616,-3.841994,-2.4290116,-5.507331,-3.23631,-4.000674,0.7536291,-2.5450974,-1.066484,-4.1334734,2.690789,2
IOPS_329,-1.259988,0.0020051338,-0.4222624,1.6006181,-3.4577851,-0.42529044,-1.2121278,1.2166157,-2.1671736,1.8685011,-3.576238,2.0530016,-2.167715,-2.7185867,-0.60171807,-1.9216158,0.4501511,1.430041,-0.36012688,-0.8298186,2.1340294,-3.2396352,-1.0189805,-1.1649172,-3.430619,-3.0056233,-3.599277,2.1388392,0.8127663,-1.8240197,-3.0249462,-0.47605994,3
IOPS_330,-1.2764393,0.45716426,0.6266556,2.7796457,-3.3504436,-1.0749748,-0.94507676,0.9413781,-1.612526,0.16351698,-2.849617,1.5507965,-2.1421895,-2.6752055,0.43331105,-1.9613054,0.5517824,1.7206391,-0.17913628,-1.0972995,2.829982,-2.4645555,-0.5312974,-0.29165378,-2.358393,-3.389921,-3.207505,2.0255952,2.3353937,-1.3766944,-2.7947922,-0.24326777,3
IOPS_331,-0.31019026,-1.0641977,0.54317045,-0.27829778,-0.6992474,-0.946873,-1.0728619,1.9290543,0.19349155,0.53350383,-1.528928,0.21761209,-2.2577057,-1.7361735,0.654071,-0.19630969,-0.11205602,-0.1520578,0.16830191,0.5417761,0.6372839,-1.3918115,0.4232144,0.16806585,-2.0909638,-1.9580494,-1.9826276,0.6669368,0.017795768,-0.7538718,-1.8145775,1.3393219,0
IOPS_333,-0.06747685,-0.4729003,-0.9510045,-0.40891802,-0.31975862,-0.6113463,-0.1300551,1.5976318,0.28912744,1.5269367,-2.470346,0.77485543,-2.2252111,-1.9900626,0.45076004,0.06237491,-0.74774647,0.2557204,0.18993701,0.07886124,0.96522135,-1.2577922,-0.29889175,-0.01110195,-2.1835675,-1.939234,-1.7879237,0.13424778,-0.6717895,-0.7956529,-1.6811177,1.4731505,4
IOPS_334,0.034416083,-1.0360491,0.33124712,-0.0561909,-0.19892275,-0.74928343,-0.9051097,1.6805688,0.531329,0.7154835,-1.8423624,0.31428802,-1.9285315,-1.6712439,0.6342855,-0.10494147,0.095410444,-0.22233725,0.04848864,0.35568562,0.33555818,-1.4922576,0.5052772,0.11253059,-2.0509825,-1.7809349,-1.8232139,1.0329254,-0.08943179,-0.7101136,-1.5218259,1.18292,0
IOPS_337,0.19327617,-0.07313346,-0.039606955,0.99736303,-1.7721876,-0.7101095,-0.9786162,1.2036057,-1.1987371,1.2844347,-2.458973,0.8779738,-2.1604285,-2.036797,0.12559095,-1.6677549,0.54829293,0.72119105,0.0787388,-0.0694367,1.2912468,-2.034727,-0.6976054,-0.39694813,-2.459377,-2.3406749,-2.3291776,1.1702765,0.48128054,-0.953552,-2.18555,0.45942461,3
IOPS_338,-0.44972345,0.2875942,0.27939278,2.5660012,-2.8646183,-1.3093678,-0.69478357,1.0227317,-1.8156905,0.5803655,-2.6266282,1.186337,-2.3596044,-2.4756417,0.10138493,-2.403131,0.6088694,1.1772177,0.23743977,-0.80160034,2.5197144,-2.6313694,-0.78955626,-0.124667384,-2.2003798,-3.179796,-3.0886238,1.7342851,1.4763705,-1.0670481,-2.4880648,-0.3200669,4
IOPS_342,-1.2613488,-0.06854548,-0.7442404,0.9934871,-2.5192957,0.74268883,-1.3110592,0.48298678,-1.123513,2.1333525,-4.081807,2.425669,-1.4928294,-2.6076615,-0.6504215,-0.70962435,0.13261041,1.6429408,-0.8748668,-1.0540544,1.9474714,-2.8682675,-1.3166595,-2.0763755,-3.9932878,-2.4349704,-3.2742698,2.0014365,0.5693556,-1.666322,-3.0686462,-0.047321018,3
IOPS_344,0.26692492,-0.80403775,0.60013354,-0.31940424,-0.8502037,-1.3131537,-0.4468215,2.2713308,-0.3169663,0.7246518,-1.3117168,-0.2123113,-2.174943,-1.7164422,0.64308673,-0.35526267,0.005674044,0.3089787,0.67893606,0.6484865,0.0025493763,-0.8829137,0.061845064,0.98974454,-1.2334363,-1.9287028,-1.0351517,0.3557485,-0.07706049,-0.590805,-1.320842,1.4257741,2
IOPS_353,0.9506023,-0.7601524,1.273389,0.28195584,-1.2955134,-1.4140246,-1.2487872,1.8906524,0.12625119,-0.7687707,-1.1652465,-0.2536288,-2.4605565,-1.4861928,1.0854081,-0.31311837,0.728003,-0.5760912,-0.26638004,0.79767483,1.7057984,-0.4260424,0.15699247,1.4003208,-1.3863077,-2.62593,-1.535818,-0.26483032,1.4269125,0.63593984,-1.7041112,2.1527748,0
IOPS_365,0.28045115,-1.9278828,1.5311507,-0.35531205,-0.25804266,-0.7095743,-1.7004366,2.188933,1.1505804,0.2480291,-1.8014439,0.35022378,-2.2707567,-1.3898447,1.6358222,0.17474253,0.43175265,-0.44112468,-0.29764074,0.76234597,-0.49018133,-1.3969402,0.91706574,0.8482864,-1.9680109,-2.168148,-1.9332366,1.6616429,0.07604984,-0.68351024,-1.9697232,1.7341086,2
IOPS_381,0.23883712,-5.026836,4.7343726,0.048382223,-1.0810858,-1.568301,-4.3277946,4.2496753,3.7276387,-0.85531527,-1.5694454,1.0897083,-4.269118,-2.4228604,5.483705,0.14919429,2.1608531,-0.644128,0.50046724,2.1519275,-2.80381,-3.6369736,2.9927974,3.969406,-3.5980208,-5.015992,-3.876839,5.853502,-0.5248157,-1.5932989,-4.4518905,3.305405,0
IOPS_393,0.23699614,-1.0242342,1.2533154,0.3429409,-0.40960512,-0.73700774,-1.2433704,1.9039547,0.7786444,-0.6489959,-0.9707651,-0.36919227,-1.4336958,-1.1083472,0.65292287,-0.22127353,1.118799,-0.7753144,-0.40469357,0.50976694,0.28586572,-0.80539435,0.72995794,0.6317978,-1.812706,-2.0537298,-1.2469647,1.1358811,0.42252943,-0.19715482,-1.5378045,1.4912082,4
IOPS_394,0.73580426,-0.8138597,1.0809269,0.80869204,-1.2419147,-1.0089766,-0.52658665,1.786677,0.19967262,-1.2784148,-0.4223821,-0.14823017,-2.0659208,-1.4939554,0.72434074,-0.5793507,0.66045386,-0.21543424,0.12159134,0.6391926,1.8378466,-0.10363239,-0.2801725,1.0175191,-1.2251025,-2.5280607,-1.4104034,-0.37030593,0.74560547,0.28641883,-2.0568466,1.8204204,4
IOPS_396,1.3775297,-0.5878519,1.2528396,0.8082145,-1.0458513,-1.3424833,-1.3087809,1.7908813,0.065855786,-0.6967956,-0.8516319,-0.550107,-1.9760519,-1.4825623,0.50270426,-1.038732,1.5115186,-0.63556194,-0.015342845,0.61882603,0.9157981,-0.42905974,-0.26214626,1.2599545,-1.2449577,-2.4659698,-1.0344995,0.5958147,0.6901504,-0.037530016,-1.6235725,1.6343138,4
IOPS_401,0.22736883,-1.114669,0.3927994,-0.33374792,-0.05245348,-0.9531941,-0.8453155,1.9447833,0.35175207,0.4464164,-1.965983,0.38946992,-1.9310019,-1.5734121,0.51707214,0.42387843,-0.14253569,-0.05908124,0.22105458,0.5629726,0.45211416,-1.1480175,0.018005207,0.42945486,-1.9004903,-1.6693478,-1.5434889,0.7379976,-0.08730559,-0.43659955,-1.4576967,1.2849121,2
IOPS_418,0.55195403,-1.2518536,1.334451,0.6707,-2.3481207,-1.7304283,-0.70407337,2.7902658,0.09551577,-0.80859315,0.24521369,-0.56318086,-3.1107163,-2.52428,1.3477665,-1.3509922,0.7012951,0.6534642,1.8002243,1.643749,0.52212554,-0.021322418,-0.61888415,1.7244633,-1.5937153,-2.9666097,-0.56165797,-0.42374098,-0.38197038,-0.92818505,-2.8106627,2.217831,4
IOPS_427,0.12667167,-1.4285867,1.0740352,-0.7827527,-0.7881476,-0.99006605,-1.3007948,2.2880738,0.555114,0.090776935,-1.4098622,0.28973877,-2.4825573,-1.3907708,1.1666642,0.33823693,-0.20101032,-0.25121486,-0.06383835,1.0225245,0.57351017,-0.57762814,0.7192836,0.9492072,-1.5843657,-1.9973413,-1.5503106,0.2495905,0.3679062,-0.2467076,-1.7491887,1.8348542,2
IOPS_450,0.9500645,-0.5980954,0.5431099,-0.01367566,-1.112639,-1.4392295,-0.67604566,1.9937496,-0.5718632,0.16985153,-1.0655993,-0.21791792,-2.0797539,-1.7736826,0.015106536,-0.65754557,0.4033084,0.05799192,0.47879475,0.7557273,1.0008134,-0.55740047,-0.4603335,0.88543344,-1.202112,-2.017858,-1.1041455,0.09965162,0.19933642,-0.13022019,-1.3250034,1.32631,4
IOPS_459,0.1728841,-1.132499,0.15748799,-0.32303575,0.14191711,-1.0892198,-0.71228915,2.262088,0.6379206,0.69886655,-2.5669215,0.6212753,-1.992444,-1.8861179,0.40861413,0.449988,0.007853217,0.12033597,0.19899055,0.3728914,0.2085599,-1.3531777,-0.12083149,0.51125264,-2.3264341,-2.1305673,-1.5602658,1.1612413,-0.3882312,-0.741518,-1.7182854,1.4057319,0
IOPS_461,0.43360204,-0.8416422,0.7668619,-0.005451888,-0.7909177,-1.0903453,-0.78298086,1.9493303,0.23168886,-0.46161738,-0.8909416,-0.06963174,-1.8700688,-1.3403893,0.4928572,-0.11499123,0.45305428,-0.29461208,-0.042838708,0.82818377,1.0395279,-0.35864335,0.23931673,0.8908588,-1.3750703,-1.9629476,-1.4037218,0.096608356,0.5178883,0.022211488,-1.4805734,1.525785,4
IOPS_475,0.98078185,-1.1474098,1.6567434,0.8187191,-1.2266626,-1.4669975,-1.5900623,2.0246222,1.018608,-1.1113354,-0.43414533,-0.58546454,-2.4643931,-1.5852381,1.6397206,-0.690131,1.6558846,-0.66028327,-0.22848693,1.5751107,0.663264,-0.14538151,0.5072373,1.8004974,-1.3563676,-2.807314,-1.4006975,0.21842898,0.9783505,0.136864,-1.9485712,2.348085,4
IOPS_478,0.75595903,-0.987541,1.1945554,0.40828863,-1.0638102,-1.3696146,-0.8165687,2.107999,0.42224318,-0.76703966,-0.54178154,-0.38085395,-2.3278165,-1.6073064,0.9650378,-0.61747146,0.7227156,-0.07059273,0.25274137,1.0706027,0.947084,-0.12796411,0.01986473,1.2150532,-1.1927588,-2.3990633,-1.2260163,-0.068153754,0.5962995,-0.15048152,-1.8754033,1.8943866,4
