timestamp,value,label
0,2.2902447693554717,0
1,-2.5238913611393095,0
2,2.415931338474081,0
3,-2.760180016427607,0
4,2.706795022325231,0
5,-2.7419093408257442,0
6,2.3391611813633006,0
7,-2.565665855171119,0
8,2.4881966368808777,0
9,-2.5688433425421593,0
10,2.3785028331173206,0
11,-2.4444275009462046,0
12,2.6647954779843896,0
13,-2.8846493665792394,0
14,2.502130327019694,0
15,-2.65790822427366,0
16,2.284455109382751,0
17,-2.521611114162514,0
18,2.6188058340968086,0
19,-2.689179813596665,0
20,2.6060252404292115,0
21,-2.526724569657169,0
22,2.741491899109892,0
23,-2.5248495007724667,0
24,2.7539601737957184,0
25,-2.160410604224765,0
26,2.736115516523757,0
27,-2.648267700234367,0
28,2.7977911108680438,0
29,-2.371654856403836,0
30,2.72430635302036,0
31,-2.1254597941617774,0
32,2.765429970223039,0
33,-2.5555685808715367,0
34,2.874187482332367,0
35,-2.514924362251435,0
36,2.4374200730549376,0
37,-2.618306176621232,0
38,2.500731235869946,0
39,-2.506397891705845,0
40,2.349378471869608,0
41,-2.5537883095788416,0
42,2.7137774259404637,0
43,-2.8273821752569432,0
44,2.3806890032297425,0
45,-2.458805157397027,0
46,2.459915286267094,0
47,-2.880697330491044,0
48,2.5558601097291813,0
49,-2.746798175404816,0
50,2.2377657440459084,0
51,-2.590117316924637,0
52,2.6248909766851654,0
53,-2.652132182247506,0
54,2.6788689465609394,0
55,-2.6778872671476996,0
56,2.2629314155142985,0
57,-2.7632977184691434,0
58,2.6104928397964358,0
59,-2.523773334172823,0
60,2.521846248174498,0
61,-2.4881293002761495,0
62,2.872187659029443,0
63,-2.553824997180584,0
64,2.794013579324229,0
65,-2.102103869747282,0
66,2.516839712924078,0
67,-2.759452118158716,0
68,2.8911239685462604,0
69,-2.5720662778239642,0
70,2.3778654960227614,0
71,-2.300336728989567,0
72,2.736727134112982,0
73,-2.5548618439906505,0
74,2.623572760550544,0
75,-2.5130299652694283,0
76,2.8509437865234872,0
77,-2.6089884863655346,0
78,2.3878706429252183,0
79,-2.5243654688548887,0
80,2.5796048679862125,0
81,-2.500279748498219,0
82,2.9344981109894164,0
83,-2.771591379413252,0
84,2.691973833547621,0
85,-2.1325553562617756,0
86,2.418767701053813,0
87,-2.5876006456860097,0
88,2.9022573297770933,0
89,-2.8261164587279843,0
90,2.544745816290316,0
91,-2.4435308606309682,0
92,2.562429078438168,0
93,-2.400264693867456,0
94,2.620690290941017,0
95,-2.573714646645996,0
96,2.648462945859249,0
97,-2.70935236978195,0
98,2.5740261917787493,0
99,-2.350464534413664,0
100,2.346913164400511,0
101,-2.6929709914270203,0
102,2.70057314063979,0
103,-2.756302066176339,0
104,2.386860195997484,0
105,-2.433750118442596,0
106,2.511591620184298,0
107,-2.6847052193949175,0
108,2.7264770239842164,0
109,-2.6450916425287616,0
110,2.42611976180806,0
111,-2.58187948550912,0
112,2.542326833702319,0
113,-2.6999984802975234,0
114,2.5562974497689286,0
115,-2.5678512091676495,0
116,2.5317838572004217,0
117,-2.576129039041671,0
118,2.6283321157380826,0
119,-2.524715288794642,0
120,2.540641151682201,0
121,-2.679224511639294,0
122,2.7041403907852404,0
123,-2.686778819055398,0
124,2.3172709076327274,0
125,-2.375764100214189,0
126,2.520147772144796,0
127,-2.8308542000581376,0
128,2.9269693213265384,0
129,-2.4936656263145807,0
130,2.3382417020584727,0
131,-2.3116959949711884,0
132,2.5177690264855013,0
133,-2.8287585266924182,0
134,2.513417094403879,0
135,-2.6183013564380957,0
136,2.5529307306812203,0
137,-2.6670856969650965,0
138,2.390247856301453,0
139,-2.61256540846421,0
140,2.4923703026941633,0
141,-2.5968515320159113,0
142,2.605704663168229,0
143,-2.7041035829472824,0
144,2.4797176062420725,0
145,-2.553993221510101,0
146,2.4570576106531288,0
147,-2.5961698696565083,0
148,2.769068078119531,0
149,-2.731947052265726,0
150,2.5416518074203314,0
151,-2.4836712325345394,0
152,2.602780888010521,0
153,-2.5762896418983754,0
154,2.585637035178687,0
155,-2.6395876801428386,0
156,2.536830706203574,0
157,-2.652334430171665,0
158,2.7704370489658814,0
159,-2.5258175937265825,0
160,2.416335589739276,0
161,-2.6175731957039687,0
162,2.6097102396461462,0
163,-2.35848753759997,0
164,2.7662933826501614,0
165,-2.6789973509166245,0
166,2.5290569412741473,0
167,-2.651565949280891,0
168,2.549959991493962,0
169,-2.3982134981564656,0
170,2.6816569600843643,0
171,-2.696795241394028,0
172,2.471863028243236,0
173,-2.328976486855005,0
174,2.7326281157555883,0
175,-2.668664166564529,0
176,2.563127526510243,0
177,-2.50379061347153,0
178,2.5616514387638674,0
179,-2.7330432235173463,0
180,2.6024607580964823,0
181,-2.3369137451304596,0
182,2.5079925941493784,0
183,-2.636004102874878,0
184,2.784969923601956,0
185,-2.3067747810192074,0
186,2.7468686151873456,0
187,-2.5830572158765044,0
188,2.5374228348628556,0
189,-2.561826655982072,0
190,2.8519565398168893,0
191,-2.353176351852838,0
192,2.578587494863914,0
193,-2.662999332217188,0
194,2.4689708496798044,0
195,-2.6677872214798093,0
196,2.809127549962021,0
197,-2.4880498705626994,0
198,2.2794580087477447,0
199,-2.707105051663209,0
200,2.806510367814827,0
201,-2.49658270987128,0
202,2.318075796334576,0
203,-2.4493153261371035,0
204,2.7826675906104015,0
205,-2.8151260729577388,0
206,2.403241471632004,0
207,-2.5067973397272887,0
208,2.463342604978447,0
209,-2.9581134260390156,0
210,2.421331847825983,0
211,-2.44780355509436,0
212,2.4074712573773462,0
213,-2.741867173423536,0
214,2.47452824599387,0
215,-2.9310693468002973,0
216,2.4197909773328945,0
217,-2.486457568519768,0
218,2.611344399992511,0
219,-2.3660131422692032,0
220,2.694123601762417,0
221,-2.7336489993704216,0
222,2.6008928384570047,0
223,-2.29727849735751,0
224,2.6522424247887884,0
225,-2.7842002518092093,0
226,2.5043460190908142,0
227,-2.5255575941333674,0
228,2.446666828867466,0
229,-2.6942792267042215,0
230,2.783312548772855,0
231,-2.4900951841982355,0
232,2.565341938882508,0
233,-2.3561501134250165,0
234,2.810377871806068,0
235,-2.6600444582351415,0
236,2.612133446861847,0
237,-2.4365242330442243,0
238,2.6996982058343946,0
239,-2.52524465326875,0
240,2.681092788206808,0
241,-2.454958647203682,0
242,2.4294883960390887,0
243,-2.7786638881216064,0
244,2.4496504893862223,0
245,-2.7452807121212324,0
246,2.535401904544252,0
247,-2.7339490606834795,0
248,2.3011366294027287,0
249,-2.606502567495312,0
250,2.728841642749707,0
251,-2.5819970306302906,0
252,2.5412982840552942,0
253,-2.3742321232329218,0
254,2.693385795771661,0
255,-2.6929601580542837,0
256,2.5258386012155363,0
257,-2.551497671800071,0
258,2.5086634681233626,0
259,-2.493602339087566,0
260,2.494852357251623,0
261,-2.855741707565109,0
262,2.610830117820477,0
263,-2.457730358210455,0
264,2.489214183895303,0
265,-2.6788568795821774,0
266,2.703735590663509,0
267,-2.3186475295375573,0
268,2.7240438828756766,0
269,-2.4504279516032668,0
270,2.901670246004862,0
271,-2.493901300038601,0
272,2.6504286637204615,0
273,-2.286390745668939,0
274,2.4313584157922263,0
275,-2.800809567846449,0
276,2.7938658775326815,0
277,-2.5577968752684974,0
278,2.572187655080981,0
279,-2.4541952479876272,0
280,2.684042517498529,0
281,-2.3205745420033708,0
282,2.706513768203102,0
283,-2.614787645157186,0
284,2.624485789203497,0
285,-2.3361406673082428,0
286,2.833343153096912,0
287,-2.5966844349368543,0
288,2.4377673086765093,0
289,-2.2862409246921302,0
290,2.642292575119548,0
291,-2.992895471542605,0
292,2.490606152847061,0
293,-2.4684919343245753,0
294,2.2902074092863405,0
295,-2.9210149862015777,0
296,2.488185388377797,0
297,-2.4943433150908234,0
298,2.485060566685565,0
299,-2.529704414940288,0
300,2.908940183730749,0
301,-2.7113295816081866,0
302,2.324943726870118,0
303,-2.581203490432916,0
304,2.4342757740005023,0
305,-2.752518812654591,0
306,2.5030438731307174,0
307,-2.8655296478517416,0
308,2.513682984733533,0
309,-2.4589282512239237,0
310,2.4439456355474363,0
311,-2.7072958090062045,0
312,2.697706751900764,0
313,-2.50841424722892,0
314,2.4958075514470472,0
315,-2.3464328187923655,0
316,2.980412824230875,0
317,-2.605678726449611,0
318,2.4843583810097396,0
319,-2.1770108693615313,0
320,2.896929724448185,0
321,-2.682789281464496,0
322,2.578026909298689,0
323,-2.610215695748364,0
324,2.3128277704985525,0
325,-2.6168635458376883,0
326,2.670260831302677,0
327,-2.524535258634387,0
328,2.560966949378897,0
329,-2.630800764293964,0
330,2.5604470824595116,0
331,-2.4858134175337803,0
332,2.851285865638701,0
333,-2.608959342265086,0
334,2.4066763896554164,0
335,-2.516462268264206,0
336,2.664903730849179,0
337,-2.6561545078742164,0
338,2.622100717685707,0
339,-2.5867250930697345,0
340,2.4621588818888984,0
341,-2.5824252775822316,0
342,2.680044224039407,0
343,-2.5783152628403485,0
344,2.5373705352184217,0
345,-2.5254881103026676,0
346,2.594974196787211,0
347,-2.5910620277722476,0
348,2.6480735036615144,0
349,-2.482689508007663,0
350,2.497067206748861,0
351,-2.7952026772986382,0
352,2.48795945877567,0
353,-2.4655735702033184,0
354,2.5073959157953567,0
355,-2.752521353383929,0
356,2.3736532981681133,0
357,-2.7361436897823683,0
358,2.543995527673724,0
359,-2.6030239526340644,0
360,2.491032444979954,0
361,-2.8147799108886744,0
362,2.3864076206678453,0
363,-2.6195063421491156,0
364,2.4755514099080056,0
365,-2.6123803371323095,0
366,2.6566207751711257,0
367,-2.654355936174463,0
368,2.4425515988863253,0
369,-2.7158906919674983,0
370,2.3859186067084686,0
371,-2.648967723148603,0
372,2.692839367506778,0
373,-2.5723610728704642,0
374,2.630700026291432,0
375,-2.345696088997144,0
376,3.0023027198221257,0
377,-2.351086616726178,0
378,2.6099180725231577,0
379,-2.3968421964885493,0
380,2.8210051500745976,0
381,-2.470650335251726,0
382,2.625543762854421,0
383,-2.544562240022972,0
384,2.5301437632174166,0
385,-2.3283525138019527,0
386,2.819364788697655,0
387,-2.4674440381483222,0
388,2.629335580875189,0
389,-2.605063824937716,0
390,2.566798682991009,0
391,-2.688174594394839,0
392,2.5302108638693674,0
393,-2.3257952415438865,0
394,2.738948562265449,0
395,-2.543271441772088,0
396,2.7398487477133884,0
397,-2.6408615899476473,0
398,2.559672810572664,0
399,-2.6038271364193797,0
400,2.3659892082742964,0
401,-2.9190008911431073,0
402,2.3137758285547303,0
403,-2.625550614273319,0
404,2.5978235816775026,0
405,-2.811226508009341,0
406,2.419379830232435,0
407,-2.511106811011924,0
408,2.498563368811996,0
409,-2.6434168133593903,0
410,2.594088490100896,0
411,-2.7833078227803547,0
412,2.508424389842226,0
413,-2.2885885852234367,0
414,2.586140062454799,0
415,-2.6308160384178745,0
416,2.699049856230282,0
417,-2.7177163915692626,0
418,2.375141344504633,0
419,-2.7835893920509562,0
420,2.5041392834018836,0
421,-2.5981899723643807,0
422,2.549054393317178,0
423,-2.279534429174177,0
424,2.6819676292414654,0
425,-2.5798460528147587,0
426,2.8807765653442274,0
427,-2.3318062919900413,0
428,2.4666333150812063,0
429,-2.526378273873757,0
430,2.873343082866093,0
431,-2.577342293878381,0
432,2.5484155773564154,0
433,-2.541626966767849,0
434,2.4103519534808835,0
435,-2.5924596700019125,0
436,2.923478753097811,0
437,-2.5854203328067555,0
438,2.364461238436504,0
439,-2.7233148642241005,0
440,2.674324877093845,0
441,-2.4639802230428316,0
442,2.390634935822467,0
443,-2.4180057754950184,0
444,2.891969560577209,0
445,-2.3849597570013046,0
446,2.802938230206678,0
447,-2.611779200289835,0
448,2.371416706594885,0
449,-2.5254795694527132,0
450,2.6624800627784886,0
451,-2.7284641468266173,0
452,2.4779332394466786,0
453,-2.539450751784482,0
454,2.4328391426116696,0
455,-2.622776233880142,0
456,2.616558227863848,0
457,-2.5744655917736843,0
458,2.84038426959615,0
459,-2.5302724631395677,0
460,2.395107808725747,0
461,-2.877176061213664,0
462,2.3756042806977966,0
463,-2.394015395232266,0
464,2.5178184947282745,0
465,-2.8656871642263866,0
466,2.72815233408172,0
467,-2.2777984666218316,0
468,2.4113757661415125,0
469,-2.8550412901108135,0
470,2.410902951244701,0
471,-2.7985236408973115,0
472,2.4840143677295536,0
473,-2.6011816554776033,0
474,2.467017478020905,0
475,-2.6371600780531885,0
476,2.6134416194792784,0
477,-2.5879892080787776,0
478,2.688353929605981,0
479,-2.5362727664879543,0
480,2.6774095593711174,0
481,-2.383091255515531,0
482,2.671815865277285,0
483,-2.516046990026915,0
484,2.602669339061041,0
485,-2.191197018964914,0
486,2.9708193927604043,0
487,-2.539263401220957,0
488,2.6837841524620103,0
489,-2.2504248958481057,0
490,2.659404292369949,0
491,-2.8186636052079104,0
492,2.5835202278914053,0
493,-2.3294658251610088,0
494,2.6552577791513343,0
495,-2.3776913015734067,0
496,2.80310430375647,0
497,-2.4553859488499157,0
498,2.7264309910242375,0
499,-2.5022596627314044,0
500,2.626778544731856,0
501,-2.462048064632775,0
502,2.7486398914730543,0
503,-2.546098839245648,0
504,2.5710412444730935,0
505,-2.545285711364561,0
506,2.381027498606932,0
507,-2.715316422403798,0
508,2.746445906011637,0
509,-2.6019758492053704,0
510,2.2738179260307243,0
511,-2.6662843653783668,0
512,2.686256491618007,0
513,-2.8890578230291215,0
514,2.291741987198944,0
515,-2.453560414870367,0
516,2.5557569204915307,0
517,-2.694998639810139,0
518,2.6456011007463998,0
519,-2.76748173876818,0
520,2.4234565564698016,0
521,-2.6956386863124564,0
522,2.413012705467822,0
523,-2.628452781691113,0
524,2.5419468502093565,0
525,-2.648164427298502,0
526,2.460875279925363,0
527,-2.751957934623857,0
528,2.4740209300921805,0
529,-2.5234369872061695,0
530,2.45166098207288,0
531,-2.6588045322534537,0
532,2.4938943625516004,0
533,-2.9786446136136577,0
534,2.5232079033999986,0
535,-2.3092096498972623,0
536,2.441453198415781,0
537,-2.5550982518260454,0
538,2.8850498200860173,0
539,-2.5343514642700207,0
540,2.6346693899033014,0
541,-2.5764815912005474,0
542,2.5612035450009323,0
543,-2.4817424341072174,0
544,2.5042332837461077,0
545,-2.5406034209395543,0
546,2.616383673168176,0
547,-2.685634528638891,0
548,2.5899107550899605,0
549,-2.4505297201161156,0
550,2.379903605691929,0
551,-2.622364852159346,0
552,2.903681773231831,0
553,-2.605084254946245,0
554,2.7221981135514266,0
555,-2.302793766940134,0
556,2.8597577867379584,0
557,-2.0700542530395154,0
558,3.049117181523897,0
559,-2.418098534219414,0
560,2.4497125252885463,0
561,-2.555571365149767,0
562,2.4835605625027277,0
563,-3.221862431913223,0
564,1.9000036439080645,0
565,-3.021637556644322,0
566,2.0631541249800094,0
567,-3.423213659600499,0
568,1.894430662233633,0
569,-3.073668674010136,0
570,1.6751646436511862,0
571,-3.3223208548980594,0
572,1.810802196046124,0
573,-3.756073296633918,0
574,1.4934218556411807,0
575,-3.080358705796911,0
576,2.4624402329031128,0
577,-3.355360320410382,0
578,1.5545929195543646,0
579,-3.381595353106947,0
580,1.6947499152469252,0
581,-3.2780395206876456,0
582,2.4670895758806957,0
583,-3.0292730005314255,0
584,2.038420071399546,0
585,-3.0584966804865275,0
586,1.7985644314688471,0
587,-3.1130460911608253,1
588,2.7135663127346845,1
589,-1.7983892390707297,1
590,3.2279804639575502,1
591,-1.4386930297280571,1
592,4.1422943650099455,1
593,-1.9306182398398306,1
594,3.2075649843356757,1
595,-1.5323110659998918,1
596,4.125240888789193,1
597,-1.379161135610616,1
598,3.825830110647871,1
599,-1.2566364137065307,1
600,2.130935775282367,1
601,-3.1500570987939653,1
602,3.1186745474747397,1
603,-1.8021104718380911,1
604,3.9824317322433274,1
605,-1.3857500488362007,1
606,2.5055529389884725,1
607,-2.9814202722961127,1
608,2.5540199425794583,1
609,-2.620880877565355,1
610,3.175875996590406,0
611,-1.325379703893077,0
612,4.232982779987651,0
613,-1.359042021044047,0
614,2.6000526072401726,0
615,-3.1913500183198096,0
616,1.7811626212453717,0
617,-2.985563119176703,0
618,2.761138212655709,0
619,-1.941039796908143,0
620,2.1819304137270876,0
621,-3.517297587005608,0
622,1.8833799936473667,0
623,-3.080393220589542,0
624,3.106192621284663,0
625,-1.4912741560650602,0
626,3.4494228906918636,0
627,-1.5903330931598703,0
628,2.270105462792145,0
629,-3.178693345323879,0
630,2.1641864111501548,0
631,-2.926439414817935,0
632,3.16442625225406,0
633,-1.957498638490648,0
634,2.8546740751262973,0
635,-2.677419163531482,0
636,1.3877669140536995,0
637,-4.389766279093294,0
638,1.8908053561242752,0
639,-2.004926635135405,0
640,3.6143834951660665,0
641,-2.002995036479973,0
642,3.1236318609439877,0
643,-2.550762175832176,0
644,1.9553486497602108,0
645,-2.667965789246921,0
646,3.094873885666914,0
647,-2.2537118385584733,0
648,2.177757769848654,0
649,-3.245035176662924,0
650,1.6889031461549564,0
651,-3.30409384895583,0
652,2.5026900566891186,0
653,-3.078402613326844,0
654,2.375188018582179,0
655,-1.4004372560598028,0
656,3.2426243739726033,0
657,-2.618101374068033,0
658,2.360020513232513,0
659,-2.37240055309735,0
660,3.247503524347536,0
661,-1.1726281523471584,0
662,4.253200458653339,0
663,-1.727518320738369,0
664,3.0926114152065907,0
665,-2.5763059164962385,0
666,2.4794027860622094,0
667,-2.7596382348238464,0
668,2.6911266651659957,0
669,-1.978752499519075,0
670,3.231060760599206,0
671,-2.547226681769743,0
672,3.1193201759801354,0
673,-2.1195915539264263,0
674,2.999984710060289,0
675,-1.7873142579695127,0
676,2.96795815263107,0
677,-2.0384165889458927,0
678,3.6969017667570654,0
679,-2.2467588568367773,0
680,1.6472598590164367,0
681,-3.4957422749708797,0
682,2.064438563884906,0
683,-2.985335065763792,0
684,2.007973646234465,0
685,-3.4504418353857638,0
686,1.7446682663371789,0
687,-3.4115435576024,0
688,1.5140991337598209,0
689,-3.023826451823247,0
690,2.258992907610393,0
691,-2.7270153268484947,0
692,2.6207927476771573,0
693,-2.709182926289074,0
694,2.415674107879873,0
695,-2.7665304180422083,0
696,2.0616448121444684,0
697,-3.0459917627957225,0
698,2.874587208017033,0
699,-2.067198502172289,0
700,2.909529262314493,0
701,-2.65216670098377,0
702,1.851547148509212,0
703,-4.0104574361342955,0
704,1.6433814174008887,0
705,-2.996312524760768,0
706,2.0933716363618586,0
707,-3.2037639722592317,0
708,2.056074844956381,0
709,-2.768089869394343,0
710,2.379655232925373,0
711,-2.756032369435431,0
712,2.142440218871762,0
713,-3.210175183814304,0
714,1.688240185639449,0
715,-3.3855093362905144,0
716,1.8077315147521276,0
717,-3.3935160022216877,0
718,2.003715552523879,0
719,-3.084038146598921,0
720,2.0533330993172676,0
721,-2.682634342562153,0
722,2.2910524494386095,0
723,-2.9413116498109275,0
724,2.3990749973517893,0
725,-2.56261017946062,0
726,3.05854124785364,0
727,-2.3201085109725454,0
728,2.7876768198990476,0
729,-2.291720096407772,0
730,2.5607707106387068,0
731,-2.726238364846239,0
732,2.9551580509958626,0
733,-2.5779636717213634,0
734,1.771999711404817,0
735,-3.0105674923467305,0
736,2.543867329031272,0
737,-2.817712661923892,0
738,2.817672393833334,0
739,-2.345680776262924,0
740,2.602188840721169,0
741,-1.9260102481879073,0
742,3.1785835731588747,0
743,-2.7065648037428645,0
744,1.8315168282972962,0
745,-2.886480391380246,0
746,2.867093667835263,0
747,-2.7601004001838874,0
748,3.0561870546916907,0
749,-1.890544409453696,0
750,1.376755790855725,0
751,-3.55801306849537,0
752,3.033359976143629,0
753,-2.0615455115703014,0
754,3.5204382356645283,0
755,-1.3788040979500806,0
756,3.297375472321505,0
757,-2.2128934472662536,0
758,3.735571626984722,0
759,-1.6747154090380718,0
760,3.391779942566643,0
761,-1.9880977375855196,0
762,2.2728646969247563,0
763,-2.934696294488049,0
764,2.60662071211857,0
765,-1.9492655983238762,0
766,2.1383931765754625,0
767,-3.2381927705738462,0
768,3.450018970617407,0
769,-2.0444554295314674,0
770,3.1600578979319494,0
771,-0.4164375316756832,0
772,3.8365861856399306,0
773,-2.5206367788461534,0
774,3.328727184036694,0
775,-1.5081665475083241,0
776,3.701517674122897,0
777,-2.222764924229267,0
778,1.6180962089359667,0
779,-3.1642775165214516,0
780,3.0396094683309514,0
781,-2.1183463241348477,0
782,2.459136550041876,0
783,-2.4018616264120283,0
784,3.064536448473177,0
785,-3.0476769117452136,0
786,2.4658539122746674,0
787,-0.4934807055063857,0
788,4.3823587730079225,0
789,-2.351089661318497,0
790,3.2585782189010786,0
791,-2.873817131923218,0
792,1.6093352766415876,0
793,-2.232864985741088,0
794,2.566805460260781,0
795,-3.3518756171830546,0
796,2.045922782320247,0
797,-3.6570133595539005,0
798,1.0790181319204066,0
799,-3.5109655040043037,0
800,1.8861393751193418,0
801,-2.76716272275047,0
802,2.74403997361577,0
803,-2.0116726350893828,0
804,2.019640930311624,0
805,-4.410532163574629,0
806,1.8868525420192839,0
807,-1.8089720417027024,0
808,2.0503023728217613,0
809,-1.9778540018203614,0
810,4.314471279812437,0
811,-3.1654661240847304,0
812,1.4481470469579847,0
813,-3.9623817660115606,0
814,0.05796261873907582,0
815,-4.128136491548219,0
816,2.3128032410301387,0
817,-3.3082724440070876,0
818,2.095062008666787,0
819,-2.702994774251124,0
820,2.0659380081422967,0
821,-3.1649255091765696,0
822,2.2345310720511407,0
823,-2.242978606581204,0
824,3.51383028436436,0
825,-2.832431872389492,0
826,1.5799242940959175,0
827,-3.398347982499871,0
828,1.8219824949089798,0
829,-2.529947521949566,0
830,3.5087806893026823,0
831,-2.115470421174848,0
832,2.851913212712475,0
833,-3.0919008861409623,0
834,1.6598597214231177,0
835,-3.186765985160392,0
836,2.4153391263377557,0
837,-2.971562002276869,0
838,2.935262028193847,0
839,-1.3411801973630304,0
840,2.9524772294536774,0
841,-1.7228132436252963,0
842,3.7124520663850262,0
843,-2.2107583885762097,0
844,3.601193632754473,0
845,-2.1342110079340557,0
846,3.1117755104153844,0
847,-1.2325061501156824,0
848,2.3323353171851124,0
849,-4.085006953391584,0
850,2.066215636896601,0
851,-2.4195362580929043,0
852,3.1888304863759913,0
853,-0.6725549429910984,0
854,4.9461884458849,0
855,-1.1840814749591004,0
856,3.86515035947815,0
857,-1.4919423171391202,0
858,4.0963553076802555,0
859,-2.4903472027101543,0
860,0.942262236934738,0
861,-3.5177883443966493,0
862,1.9863214536065925,0
863,-3.5471866094090387,0
864,3.063793165459515,0
865,-1.4181795437440314,0
866,3.6144978544365927,0
867,-1.8073425675900694,0
868,2.1894320627731076,0
869,-3.0795540357649998,0
870,1.623635258965237,0
871,-3.919482913780371,0
872,1.5283289157813158,0
873,-2.5133383458831133,0
874,3.86216512589408,0
875,-1.9815535613734596,0
876,2.786393306371906,0
877,-2.781533566838675,0
878,0.6406726108873926,0
879,-4.064632024481625,0
880,1.032508469463096,0
881,-4.06344985610626,0
882,0.6337660406140202,0
883,-3.602817722678978,0
884,3.3435410573794684,0
885,-0.8077136951388297,0
886,4.824106811035563,0
887,-0.25259599887294826,0
888,4.43360833066788,0
889,-1.9577262714133212,0
890,1.9612918158677246,0
891,-3.073049403474215,0
892,2.589875981573101,0
893,-1.7874766811251561,0
894,3.608137948216381,0
895,-1.7016348898615092,0
896,4.392986057894234,0
897,-1.5689037537088382,0
898,1.778206119936442,0
899,-2.927569695545685,0
900,2.7755205728208807,0
901,-2.8302455395494235,0
902,3.097301889096059,0
903,-1.8791918738191384,0
904,2.182097505892557,0
905,-3.3839673289699306,0
906,1.6874778457143407,0
907,-3.4374551412360574,0
908,0.8168769674920355,0
909,-4.074640498334247,0
910,2.35505700036137,0
911,-3.056530259649378,0
912,1.323140123338078,0
913,-2.684035195384297,0
914,2.3783527896063106,0
915,-3.455190033238125,0
916,2.9457782379878665,0
917,-3.7802299437670435,0
918,0.6595827028163299,0
919,-2.768481830175922,0
920,1.7016902332505737,0
921,-4.595088192488092,0
922,1.843294374721438,0
923,-2.400177866674568,0
924,2.243914725876408,0
925,-4.033150806017517,0
926,1.7753203155855886,0
927,-2.0604875930041544,0
928,2.4096358326548852,0
929,-2.8304311909846547,0
930,5.5349843780644505,0
931,-0.5420269476008457,0
932,5.221359791445764,0
933,1.7546240630463217,0
934,3.078653793405209,0
935,-3.5439948207645386,0
936,2.7867941333464046,0
937,-3.071699902787117,0
938,2.6618260972567214,0
939,-1.6725906087551436,0
940,3.0745547932516786,0
941,-1.8897235892560502,0
942,3.7856975639824384,0
943,-1.1666838145524707,0
944,2.8886826938160333,0
945,-1.7380132123206522,0
946,4.679336766105166,0
947,-1.3430473206134366,0
948,2.7146190869834186,0
949,-0.7922450116557229,0
950,5.72620473281836,0
951,-1.4360684672547563,0
952,3.207597502732085,0
953,-1.602371060463014,0
954,2.8974417095817557,0
955,-3.25454299937212,0
956,0.576390746852276,0
957,-5.464350935565562,0
958,0.21231715538141316,0
959,-3.7588066139628324,0
960,2.183171515050958,0
961,-3.0213748254025745,0
962,2.5177332986565517,0
963,-3.3509435548006437,0
964,0.7522102653967835,0
965,-3.225128336825904,0
966,1.8153558928570561,0
967,-3.3671809871330822,0
968,2.680238695737984,0
969,-3.6435800469353268,0
970,0.7539965914226698,0
971,-3.688739361686885,0
972,1.3946216147269297,0
973,-3.2772830661706394,0
974,1.1098095449946754,0
975,-4.56121926731862,0
976,1.869557388618432,0
977,-3.5822421872193786,0
978,0.5071426342444738,0
979,-3.772164336924874,0
980,2.2037416948409856,0
981,-1.9892419409727609,0
982,3.8365026383184784,0
983,-2.3006425577291623,0
984,3.114036797334876,0
985,-2.2478804996974873,0
986,1.3087436396242467,0
987,-2.9493124359964042,0
988,3.4429045621994874,0
989,-2.0442154921393296,0
990,3.344070533812527,0
991,-3.1856608895530556,0
992,1.5305717227150737,0
993,-2.3838019597853872,0
994,2.8687429927708763,0
995,-1.9605143619560579,0
996,4.0026337595785435,0
997,-1.5417379877367807,0
998,4.400539781405428,0
999,-0.20155854511722282,0
1000,3.138146427433526,0
1001,-1.8421626767721477,0
1002,4.414095002623412,0
1003,-0.396467841262961,0
1004,4.452619950449446,0
1005,-2.7582629778891246,0
1006,2.3402578434165378,0
1007,-1.931536773003586,0
1008,2.9288076441764304,0
1009,-1.721737283714333,0
1010,4.51131147537717,0
1011,-0.34920302528109914,0
1012,3.888822269112552,0
1013,-2.372139625417958,0
1014,2.3952770522305684,0
1015,-2.0392186828196657,0
1016,3.4196892685352225,0
1017,-2.2351348199299537,0
1018,2.8017983497332466,0
1019,-2.8587344479089154,0
1020,2.178116899840745,0
1021,-3.3383675367182235,0
1022,0.6658181950646078,0
1023,-4.568629924410516,0
1024,0.8851471613100159,0
1025,-3.6841353089402844,0
1026,2.0762886629840978,0
1027,-3.8264881744273254,0
1028,0.48342425628159447,0
1029,-3.6111939794610066,0
1030,1.9225342278999733,0
1031,-3.5763132579304795,0
1032,1.710114016563736,0
1033,-3.711516775108066,0
1034,1.5264774663103111,0
1035,-4.554721043128719,0
1036,0.3420847106876508,0
1037,-4.130708286457747,0
1038,1.279323391886976,0
1039,-3.1539432678525543,0
1040,2.3128345207365726,0
1041,-3.6183698019343637,0
1042,2.0473981552662366,0
1043,-2.2934336168615914,0
1044,2.304769497245047,0
1045,-2.6845407066361986,0
1046,3.3816365902297605,0
1047,-2.284704773467382,0
1048,3.3507696706346337,0
1049,-1.360979000622649,0
1050,1.649959281650311,0
1051,-2.916325237864953,0
1052,3.3933163192954225,0
1053,-2.2912627231473266,0
1054,3.2520390360176634,0
1055,-1.6119717279574104,0
1056,3.6188924795608557,0
1057,-0.9445371150986261,0
1058,3.7471744612630857,0
1059,-1.4635760797741284,0
1060,4.023412312403082,0
1061,-1.3372306715261573,0
1062,5.081108916333335,0
1063,-1.1804251776069918,0
1064,2.308765885274383,0
1065,-2.1116573490933774,0
1066,3.0935271150093797,0
1067,-2.649043298896089,0
1068,3.2060418208319987,0
1069,-1.7057988106482185,0
1070,2.9453455249475553,0
1071,-1.6696247909227395,0
1072,3.274403862463373,0
1073,-2.930552582096084,0
1074,3.5642530125831513,0
1075,-1.291524016790106,0
1076,2.566788381975016,0
1077,-2.881610330269126,0
1078,2.6370104928259934,0
1079,-2.1027868990636875,0
1080,2.814979742590765,0
1081,-2.848495561742311,0
1082,1.8635005698257316,0
1083,-2.9976712383573556,0
1084,2.670516656791051,0
1085,-2.797292561486344,0
1086,1.8419851659751174,0
1087,-3.471923731278281,0
1088,1.963364064008232,0
1089,-2.3824994818146195,0
1090,2.7528773720554938,0
1091,-2.3044838209553262,0
1092,3.155257701360398,0
1093,-3.086839123916789,0
1094,1.471896665551597,0
1095,-3.371243764811453,0
1096,2.066672261456091,0
1097,-2.6176833629140788,0
1098,2.416607579520928,0
1099,-3.4191904430098816,0
1100,2.817059086230472,0
1101,-2.0888804092373334,0
1102,2.3888805802422723,0
1103,-3.263544513623515,0
1104,0.6266333206977706,0
1105,-4.448433106781579,0
1106,1.2616741106809144,0
1107,-4.530875259589465,0
1108,1.127300779387454,0
1109,-3.794571895401319,0
1110,0.4769546609907209,0
1111,-4.100449838839751,0
1112,1.6602171907998269,0
1113,-2.970286590421722,0
1114,2.411986728991849,0
1115,-3.9381384598864457,0
1116,1.1377466357465664,0
1117,-3.3458773265287647,0
1118,2.004806723874225,0
1119,-2.1620018506334873,0
1120,3.028537598227331,0
1121,-3.4002135592303944,0
1122,2.0541578539203442,0
1123,-2.972695587712792,0
1124,1.434551968965053,0
1125,-2.995786602708833,0
1126,2.2830100059431686,0
1127,-2.715495929259646,0
1128,3.8692052747129537,0
1129,-1.0458775788221146,0
1130,5.593722466243719,0
1131,1.2230051680085126,0
1132,4.700201744186472,0
1133,-0.21917650861490756,0
1134,4.883261785868967,0
1135,-0.39104545038588867,0
1136,5.830664487998774,0
1137,-1.6005276489584617,0
1138,2.4383163395862084,0
1139,-1.1763482167780523,0
1140,3.7614672898704953,0
1141,-1.6829924808912438,0
1142,2.989189990848729,0
1143,-2.751770107315508,0
1144,2.6794780708855797,0
1145,-2.10060385371753,0
1146,2.971285356575663,0
1147,-2.0905441004569525,0
1148,3.185724878011797,0
1149,-2.090241813569719,0
1150,3.1491255980945425,0
1151,-2.326273933706318,0
1152,3.3470887680742294,0
1153,-1.8280032664129635,0
1154,0.8976419564502862,0
1155,-4.753582008350747,0
1156,1.2444254099641228,0
1157,-4.172411784970066,0
1158,1.5673819088465137,0
1159,-3.2729591152837685,0
1160,0.901675891069246,0
1161,-3.341487331857053,0
1162,2.84571949665127,0
1163,-2.6356563549842207,0
1164,1.7292968014458552,0
1165,-3.3840276762453527,0
1166,2.4260447407324364,0
1167,-2.2422121197720912,0
1168,3.639567415998556,0
1169,-1.9897160298320387,0
1170,2.1143267599235287,0
1171,-2.141420512446757,0
1172,3.50356750655385,0
1173,-1.8450859862542757,0
1174,3.144398267887823,0
1175,-3.457176360410557,0
1176,0.9283099945934339,0
1177,-4.354359768423052,0
1178,1.4405425319349376,0
1179,-2.880630203615567,0
1180,1.7945333801004963,0
1181,-2.7816132777414424,0
1182,2.8395598630701784,0
1183,-2.6153862289409204,0
1184,2.178310244028367,0
1185,-2.9865460415691985,0
1186,1.559667490105653,0
1187,-4.125276241141989,0
1188,1.9792703901393338,0
1189,-2.8589486278866048,0
1190,2.953473427829465,0
1191,-1.9052571423092104,0
1192,2.3023290525271705,0
1193,-3.4718482539451827,0
1194,1.9499530697835894,0
1195,-4.141486641810388,0
1196,1.542617242796041,0
1197,-2.6876887843334885,0
1198,1.7900824477295885,0
1199,-2.7611148959823595,0
1200,3.241993411103067,0
1201,-1.4656694211128638,0
1202,3.7704609120433474,0
1203,-1.6361319672165564,0
1204,4.6336505567576864,0
1205,-1.1679771638289367,0
1206,2.29306923019044,0
1207,-3.393696323735199,0
1208,2.197109966429821,0
1209,-2.62390226070616,0
1210,2.927017562578385,0
1211,-1.8855471450273456,0
1212,3.3939089170880834,0
1213,-1.1479108039309551,0
1214,3.46919977110241,0
1215,-2.951707552582036,0
1216,2.8028093275175365,0
1217,-2.3243012993781917,0
1218,3.0983480836277977,0
1219,-0.5548750041351127,0
1220,5.2967613386776975,0
1221,-0.9766505049098555,0
1222,2.5260836461486633,0
1223,-2.8086276906510292,0
1224,3.103565032558336,0
1225,-2.3584804094331844,0
1226,2.6823883169392957,0
1227,-1.4515824660232965,0
1228,3.584282566690888,0
1229,-3.025715929742617,0
1230,3.0337949044662196,0
1231,-1.448387314696106,0
1232,4.194865636721488,0
1233,-0.8708361532212621,0
1234,3.2635558166015244,0
1235,-2.233797515084632,0
1236,3.030929771329795,0
1237,-3.0523064363500794,0
1238,1.1505488646271118,0
1239,-2.3244596864190328,0
1240,2.7171593434255783,0
1241,-3.3502460509172636,0
1242,2.258581807639672,0
1243,-2.96322168165554,0
1244,1.012082642849748,0
1245,-3.889825711897572,0
1246,1.640256829858913,0
1247,-3.2980538804323487,0
1248,2.380653272998188,0
1249,-2.947469155876533,0
1250,2.8793769826220057,0
1251,-1.9544197338680078,0
1252,1.2328759390519082,0
1253,-3.941216004593244,0
1254,1.798840287506465,0
1255,-3.5254565207197714,0
1256,1.709560896222797,0
1257,-4.287997327714777,0
1258,1.3088741778031192,0
1259,-2.3063763353641775,0
1260,2.8258223151112247,0
1261,-2.776482270469643,0
1262,3.58687058311358,0
1263,-2.829007810136247,0
1264,1.5848785987326792,0
1265,-1.9835221156516525,0
1266,2.5922735778237325,0
1267,-2.648697657006494,0
1268,3.240360959545569,0
1269,-2.844401449566874,0
1270,2.6838169726631804,0
1271,-1.7835124853207844,0
1272,2.5856910178477364,0
1273,-2.1226685433284302,0
1274,2.85380392653893,0
1275,-3.4876487207450353,0
1276,2.114166308575818,0
1277,-2.1358233370877002,0
1278,3.1022956131958495,0
1279,-1.566821753390542,0
1280,2.986078952582318,0
1281,-1.4469552387739952,0
1282,4.011449442476362,0
1283,-2.741883552184703,0
1284,2.0984907795660206,0
1285,-2.8786391095343333,0
1286,2.5171913870149467,0
1287,-2.219257365025868,0
1288,2.560890961857865,0
1289,-3.6219109123546502,0
1290,1.5748805582385046,0
1291,-4.032577005011461,0
1292,1.3477267530593906,0
1293,-2.762408573021929,0
1294,2.8775296552040004,0
1295,-3.1478732481632363,0
1296,1.6981581657269587,0
1297,-3.345471075565321,0
1298,1.8346750559786287,0
1299,-3.3957285281082505,0
1300,2.378252166774274,0
1301,-2.7756083937142364,0
1302,2.068795375711616,0
1303,-2.9000868628191725,0
1304,1.957015672837855,0
1305,-3.8311067877236695,0
1306,1.5869547232026804,0
1307,-3.415316490845356,0
1308,1.8597051662671191,0
1309,-1.4730850696783762,0
1310,2.814981686239719,0
1311,-3.434712748400699,0
1312,2.336738913138362,0
1313,-2.094059697008703,0
1314,3.5237744058861153,0
1315,-1.25140929446286,0
1316,4.654169847956439,0
1317,-0.38792774072680913,0
1318,2.686861910765302,0
1319,-3.0075382225725207,0
1320,3.024056603115639,0
1321,-2.1474869059354944,0
1322,3.1014623250983675,0
1323,-1.2766322762541336,0
1324,3.7033015071207274,0
1325,-2.031464077662733,0
1326,3.7183376421445473,0
1327,-2.441326984991818,0
1328,2.7490875928543232,0
1329,-1.0933576514637195,0
1330,4.184357801343452,0
1331,-0.8441360929030566,0
1332,4.881581923604358,0
1333,-1.3768047076929975,0
1334,2.137415467602949,0
1335,-2.7289918783782525,0
1336,2.9301780847759176,0
1337,-2.3523429162667355,0
1338,3.1133219650172066,0
1339,-1.4976977226383497,0
1340,2.9892585262156217,0
1341,-3.194136832969832,0
1342,1.0230582699474553,0
1343,-3.7839379381018645,0
1344,1.8996643749191264,0
1345,-2.895175784644067,0
1346,2.822960216574785,0
1347,-2.652597835503073,0
1348,1.7230813656256174,0
1349,-3.1981330350769603,0
1350,1.5222362893782115,0
1351,-4.009359287865282,0
1352,0.9596341180669139,0
1353,-4.687374825083456,0
1354,0.39408203337894143,0
1355,-4.690265713789383,0
1356,0.7069973837551231,0
1357,-4.736305580162245,0
1358,1.2466258326615858,0
1359,-3.11163191283336,0
1360,1.723673509122733,0
1361,-3.3815264096180613,0
1362,1.3158925408646667,0
1363,-4.412141603050323,0
1364,1.9185145527576708,0
1365,-3.0564250627623153,0
1366,2.1503251362903484,0
1367,-1.7865818155002842,0
1368,4.0616201328576835,0
1369,-1.8119753725885062,0
1370,3.001747077630938,0
1371,-2.852015014881445,0
1372,1.9944591686149238,0
1373,-2.2557606048194145,0
1374,2.279331464967143,0
1375,-2.5144854675047057,0
1376,4.493105612132581,0
1377,-0.16252704740389845,0
1378,5.381563323381897,0
1379,-0.05872876285440043,0
1380,3.842830945175592,0
1381,-0.9015490019853587,0
1382,3.7470469509995326,0
1383,-2.704884298383874,0
1384,3.992866695557126,0
1385,-1.1503787666249536,0
1386,4.5569530283768245,0
1387,-0.08483251795104252,0
1388,2.6787353319967337,0
1389,-3.698722038441389,0
1390,2.211243407067329,0
1391,-2.8292449765764616,0
1392,2.68566769092655,0
1393,-2.262888181961358,0
1394,2.40447646159555,0
1395,-2.2415907050442456,0
1396,2.72291029819354,0
1397,-3.401546263018375,0
1398,2.248418926122696,0
1399,-2.7130393105334747,0
1400,1.9925388899675056,0
1401,-3.1947098123810633,0
1402,1.0434314857256766,0
1403,-4.056212303541827,0
1404,1.37274203823344,0
1405,-3.6466170351327776,0
1406,2.150649056093613,0
1407,-2.5492966012450893,0
1408,2.9316770321867125,0
1409,-2.9196900808488238,0
1410,1.0265730702626783,0
1411,-4.204733212018482,0
1412,1.14769665153932,0
1413,-3.5359226273416198,0
1414,2.3621049818932534,0
1415,-2.9824953105175496,0
1416,1.9059305053652338,0
1417,-4.2561750779034355,0
1418,0.8884143114634284,0
1419,-3.311850215599975,0
1420,2.2051012762968867,0
1421,-2.583812057342982,0
1422,3.1164682982830243,0
1423,-2.6963764566620796,0
1424,2.0232040929294612,0
1425,-2.77779564574044,0
1426,1.9243409667870566,0
1427,-2.6837099692756397,0
1428,3.8015307069517803,0
1429,-1.636709285745809,0
1430,3.107206028258844,0
1431,-1.8470036770224851,0
1432,2.0867493476796994,0
1433,-2.6292564496861246,0
1434,2.6650664262733557,0
1435,-1.9334162195375484,0
1436,4.505092351570852,0
1437,0.15085326767854212,0
1438,5.4950447136776575,0
1439,-0.23051081724349842,0
1440,305.7694891827565,1
