Dataset,AE_1,AE_2,AE_3,AE_4,AE_5,AE_6,AE_7,AE_8,AE_9,AE_10,AE_11,AE_12,AE_13,AE_14,AE_15,AE_16,AE_17,AE_18,AE_19,AE_20,AE_21,AE_22,AE_23,AE_24,AE_25,AE_26,AE_27,AE_28,AE_29,AE_30,AE_31,AE_32,AE_33,AE_34,AE_35,AE_36,AE_37,AE_38,AE_39,AE_40,AE_41,AE_42,AE_43,AE_44,AE_45,AE_46,AE_47,AE_48,AE_49,AE_50,AE_51,AE_52,AE_53,AE_54,AE_55,AE_56,AE_57,AE_58,AE_59,AE_60,AE_61,AE_62,AE_63,AE_64,AE_65,AE_66,target
IOPS_102,IOPS_102,3.0355363249690016e-08,-0.0001188701557595,0.0237112040754702,0.0005622211987085,0.498,0.502,756208.8784190593,44.6071802617135,2.196684704419627,8.52474965289471,0.0150435851840062,0.0012499179717476,-0.0131995112965501,0.0129945113659593,-0.2021320568814673,0.518102535594835,-0.7202345924763023,0.0237112040754897,0.0166178191781746,1.0412815006092644,0.3420180082646645,0.0329215012583958,-0.2021320568814673,756208.8784190593,3999.5,3999.5,1999.75,5999.25,1.0,1.0,1.0,1.0,7999.0,33.89288452821477,0.0006445364318225,0.0,40.06608079496616,40.06608079496616,0.0,1.7690826258005532,2.1288041258549995e-09,0.0035513582283431,0.0002011384440734,0.0004397247438907,2.1288041258549995e-09,0.3903807615230461,7.757755511022045,0.1005692220367396,4.9718456807005325,4.758284997283669,2.7383916462290108,-0.4470722927501749,1.8120702944895728,0.0906114061958345,7.597595190380762,-0.3402851310703182,0.0002332944539526,1.0,0,0.6387048381046833,37,0,0.6392483658464911,0.498937367170834,0.38771089416295,4
IOPS_103,IOPS_103,3.9969253191607386e-08,-0.0002828017129044,0.0520468473352393,0.0027088743175377,0.499625,0.500375,1270387.9929620293,0.0831390418307491,0.1799760070541492,3.621336362335506,0.0163031014098555,-0.0033223337361609,-0.0467592648057451,0.0458858633418781,-0.1884791044521101,0.4996515168238318,-0.6881306212759419,0.0520468473352546,0.0474902044641014,1.4907916429525587,0.5261840396007942,0.0756351274749235,-0.1884791044521101,1270387.9929620293,3999.5,3999.5,1999.75,5999.25,1.0,1.0,1.0,1.0,7999.0,18.36807191065624,0.0110110626059249,1.8324784451762686e-10,3.977951582558138,3.977951582558138,0.0,1.0299760250672805,1.7002521229593124e-09,0.0009898805349127,4.793189628946662e-05,0.0001118746343309,1.7002521229593124e-09,9.419418837675352,8.07807615230461,0.0239659481447333,4.910724300806908,4.648609619158628,2.8405930231558227,-0.1784838349175768,1.817505482589133,0.1216061001411428,7.317314629258517,-0.2566538673434315,4.855106243376201e-05,1.0,0,0.9971246405799478,12,0,0.8716585082559689,0.5005625703212275,17.876293579915785,4
IOPS_104,IOPS_104,2.906278297221121e-08,-0.0002876866909211,0.0426970526115356,0.0018230383017122,0.499125,0.500875,1420262.809700718,0.5083696050627386,0.1834876636036927,4.652739953889749,0.020215616491139,-0.0068926249721468,-0.0363437674692956,0.0352747544677889,-0.1986582581889813,0.4290139525368488,-0.6276722107258301,0.0426970526115454,0.0370853787770886,1.51558392598468,0.5349346277184812,0.0680244430355407,-0.1986582581889813,1420262.809700718,3999.5,3999.5,1999.75,5999.25,1.0,1.0,1.0,1.0,7999.0,21.547441637782413,0.0050598392851874,1.4043537136422102e-22,-24.724321000464748,-24.724321000464748,0.0,0.9001026725522222,1.1826256971239304e-09,0.0014733869610932,7.155222626445334e-05,0.000156084305073,1.1826256971239304e-09,1.3313226452905813,2.712705410821643,0.0357761131322266,5.0147251776925525,4.4238385785823775,2.96851630924967,-0.0523355115387681,1.5696365727491273,0.1224270786736585,7.637635270541082,-0.2307385437061697,7.042887292644372e-05,1.0,0,0.9928741092635338,12,0,1.1693471310347725,0.4998124765595074,10.037843280798077,2
IOPS_11,IOPS_11,7.46080851569583e-07,-5.98847241511935e-06,0.0001165107855898,1.3574763158772157e-08,0.4685792349726776,0.5314207650273224,155.9547207576009,76.04834025846328,2.752831229874112,9.92102180429732,0.1734044302709646,0.0406348238857211,-6.61544397259576e-05,5.927431071491365e-05,-0.0011551698844432,0.0032575319982441,-0.0044127018826874,0.0001165131743426,8.216432413539103e-05,0.8408608849516872,0.2761881056472892,0.0264034966068066,-0.0011551698844432,155.9547207576009,4391.5,4391.5,2195.75,6587.25,1.0,1.0,1.0,1.0,8783.0,43.1144002071276,0.0003266890454857,0.0,0.5094651237707786,0.5094651237707786,0.0,0.7435600830584351,7.82971946016253e-10,0.012437110095679,0.0002416618725994,0.0008027806908871,7.82971946016253e-10,6.19619238476954,3.5535470941883767,0.1208309362997095,4.623609336921298,4.582171430395387,2.564177291063694,-0.4482724308186324,1.8029871882373367,0.0684451461525239,7.217214428857716,-0.3345362088782369,0.0002772153704079,1.0,0,0.6046908801092332,45,0,0.0029480820762075,0.4993737902766139,-3.261783988894385e-06,4
IOPS_116,IOPS_116,3.722476854317592e-08,-5.782659902564546e-05,0.0302674330896796,0.0009161175058382,0.499125,0.500875,791827.7662163422,46.60299115506946,2.234679780732117,10.624467982732472,0.0057352556172495,-0.0350951034909179,-0.0199649668768575,0.0184994026156584,-0.3215753471804987,0.5937250412973754,-0.915300388477874,0.0302674330897025,0.0220945508438941,1.0554597770574048,0.3466749870629832,0.0330683057033828,-0.3215753471804987,791827.7662163422,3999.5,3999.5,1999.75,5999.25,1.0,1.0,1.0,1.0,7999.0,38.27768244285815,0.0012943042905805,0.0,594.3788136852253,594.3788136852253,0.0,1.246759982435701,4.8834507623836676e-09,0.0236264253956731,0.0001857862504829,0.0010848931615551,4.8834507623836676e-09,0.1101002004008016,3.773767535070141,0.0928931252414579,4.328949453902551,3.6093035396817785,3.084685660814566,0.086856619930729,1.3796473565625131,0.0867618128498038,6.976973947895792,-0.2302658856274838,0.0002376322264452,1.0,0,0.946618327290793,28,0,0.9763513685369424,0.5004375546942742,2.8452655735280232,4
IOPS_118,IOPS_118,3.11963824395356e-08,-7.206795759806539e-05,0.0212352885714597,0.0004509374807131,0.499,0.501,659555.1103090328,6.117166061690769,0.4445239894334021,4.73842275637576,0.0101857552360491,0.0025079940045618,-0.01658618756493,0.0165250945492676,-0.1006217481472511,0.3206667960480445,-0.4212885441952956,0.0212352885714826,0.0176586451496789,1.388238060269488,0.4714779520379176,0.0504055683774068,-0.1006217481472511,659555.1103090328,3999.5,3999.5,1999.75,5999.25,1.0,1.0,1.0,1.0,7999.0,24.814118680371266,0.0022617373229878,8.178134747485574e-276,-482.45611154805954,-482.45611154805954,0.0,1.2912570217676045,7.037995194802971e-10,0.0032207091363944,0.0001123155994663,0.0002933446363815,7.037995194802971e-10,0.7907815631262526,8.11811623246493,0.0561577997331522,4.770990380862747,4.559149099536431,2.763541994410274,-0.3214142113643727,1.688417598783777,0.0892187192783099,7.117114228456914,-0.2417450505609767,0.0001238228493372,1.0,0,0.9853731716463324,11,0,0.6610347055140338,0.4988123515438806,2.127834174523508,0
IOPS_121,IOPS_121,7.59670146757152e-08,0.0018908367095775,0.0474744673708732,0.0022538250521481,0.50275,0.49725,616815.7563457176,0.1154504779246377,0.1778275999522351,4.276072709827605,-0.1194806897757442,-0.0561503654101229,-0.0433024228268354,0.042278685675245,-0.20300420264725,0.4335375309201339,-0.636541733567384,0.0474744673709339,0.0431417265588887,1.476139838706349,0.521012595568252,0.0745818613183918,-0.20300420264725,616815.7563457176,3999.5,3999.5,1999.75,5999.25,1.0,1.0,1.0,1.0,7999.0,21.801165728687863,0.0105313622197382,1.1657240805069354e-10,39.88088849153711,39.88088849153711,0.0,0.9568936986594178,9.698608675988208e-10,0.0011379336598468,5.46124495582493e-05,0.0001267990459075,9.698608675988208e-10,0.1301202404809619,2.3523446893787576,0.0273062247791246,4.9046011681565655,4.449409436834813,2.947841602077544,-0.1050873287167976,1.7109969960804725,0.1179276096249658,7.177174348697395,-0.3037296759950772,6.012938953067325e-05,1.0,0,0.9951243905486942,10,0,1.1919640995776248,0.5005625703212275,14.620469273228588,4
IOPS_127,IOPS_127,2.89948497833592e-09,-0.0002056248919508,0.0165719652939069,0.0002746300337024,0.497125,0.502875,4249783.083144197,71.29293409334011,2.599371582820323,7.280308496131231,0.0372245129737159,0.0084061580149526,-0.0117023430507501,0.0114860183049181,-0.1206490241076458,0.4484774191807759,-0.5691264432884218,0.0165719652939071,0.0128247997962813,1.0017225364356062,0.3290245207900754,0.0291182486075248,-0.1206490241076458,4249783.083144197,3999.5,3999.5,1999.75,5999.25,1.0,1.0,1.0,1.0,7999.0,22.26016239556469,0.0047600748985325,0.0,1217.227952596243,1217.227952596243,0.0,0.6289111601758202,1.889086890186953e-09,0.0065743683994514,0.0001248211301987,0.0004522553177983,1.889086890186953e-09,0.63062124248497,3.73372745490982,0.0624105650993984,4.489656755021934,4.422900960275251,2.7139015861922773,-0.3490234818793679,1.682466913939454,0.0823592389557759,6.916913827655311,-0.2481396220310525,0.0001386928123254,1.0,0,0.9778722340291314,24,0,0.174535092619628,0.5001875234403675,1.169639255326164,4
IOPS_128,IOPS_128,2.078966184981823e-09,-0.0001079300796771,0.0088869614098919,7.897808310090816e-05,0.49375,0.50625,2886345.895333172,4.555064467093825,0.28719305347361,6.634197652934373,0.0364350000591359,0.0142512626281551,-0.0046462420361548,0.0045616053422818,-0.0589578630824547,0.0909860704730078,-0.1499439335554626,0.0088869614098921,0.0063168207444166,1.456554573004421,0.503933298033842,0.0592685621878538,-0.0589578630824547,2886345.895333172,3999.5,3999.5,1999.75,5999.25,1.0,1.0,1.0,1.0,7999.0,24.42676184014836,0.0002735254875623,5.957215065389358e-202,-5.786770755054536,-5.786770755054536,0.0,1.000042852571122,1.5750659197980344e-09,0.0121838488108759,0.0002096763666061,0.0008504787110271,1.5750659197980344e-09,0.2102004008016032,3.353346693386773,0.1048381833030967,4.336786457164677,4.645700911823129,2.8375886507349044,-0.4790020060138917,1.686738079166026,0.0650448627034411,7.297294589178357,-0.2555803270801451,0.0002890039560402,1.0,0,0.6737092136516222,89,0,0.1489240075560722,0.5001875234403675,0.048269599007174,0
IOPS_186,IOPS_186,1.381023020070038e-07,0.0021153346369819,0.0132817501013356,0.0001764048857543,0.500625,0.499375,95481.88570356603,-1.7270153637708698,0.0047325372600546,2.007806617705425,-0.4777675440252618,-0.1678377371368576,-0.0128612369415587,0.0127871404286388,-0.026667049653676,0.0312025754199201,-0.0578696250735961,0.0132817501020536,0.0128096151889609,2.0605998101410843,0.7609163997556169,0.229511593602566,-0.026667049653676,95481.88570356603,3999.5,3999.5,1999.75,5999.25,1.0,1.0,1.0,1.0,7999.0,8.55837656052593,0.030413552826604,0.0,-36.281583471226064,-36.281583471226064,0.0,0.99992147356296,1.945528545601008e-10,0.0011327770963159,2.424324338501273e-05,8.399177558989641e-05,1.945528545601008e-10,9.419418837675352,8.67867735470942,0.0121216216925063,4.3735797789353725,5.380595157697006,2.813192625288637,-0.3342742679584451,2.092069302820702,0.0717865385528567,9.279278557114228,-0.1106010832211845,2.7365070467247573e-05,1.0,0,0.9998749843729215,0,0,0.0893294982611463,0.4999374921864608,1.305447561176345,4
IOPS_19,IOPS_19,4.81413322259705e-08,-8.208280362964615e-06,0.0225642653979892,0.0005091460729508,0.499875,0.500125,459170.8115325435,0.5342219898920022,0.1167437116515549,3.889912424650412,0.0010977208232118,-0.0068113158714328,-0.0169794191643255,0.016733374112869,-0.0877729720733277,0.2034597503881414,-0.2912327224614692,0.0225642653980405,0.0186063594284691,1.7013223906557589,0.6004921562382382,0.0774784685244153,-0.0877729720733277,459170.8115325435,3999.5,3999.5,1999.75,5999.25,1.0,1.0,1.0,1.0,7999.0,35.86327320428184,0.0014586487014539,6.500653694413031e-18,-73.14181892910393,-73.14181892910393,0.0,0.8968228808097357,9.858563065876832e-10,0.003414943647876,0.0001043659694197,0.0002742243100863,9.858563065876832e-10,6.396392785571143,8.518517034068136,0.0521829847098593,4.821022258261106,4.878217349478252,2.778604505781156,-0.5455969928504515,1.930068132267826,0.0950729118256102,7.277274549098196,-0.1916315849892637,0.0001092177638409,1.0,0,0.9783722965369448,14,0,0.9994407328192664,0.4965620702587202,2.632723837459336,0
IOPS_192,IOPS_192,2.4623973633072783e-07,0.0039884542820576,0.0243078486452798,0.0005908715057618,0.500125,0.499875,98316.91703781688,-1.9359725223931257,0.0011145188551857,1.6378700656966836,-0.4922123635599825,-0.1658651717115233,-0.0241607864201025,0.024128228986205,-0.0398128530557233,0.0636529435105099,-0.1034657965662333,0.0243078486465271,0.0241186965511577,1.453618227711568,0.5367766914302957,0.234936077593364,-0.0398128530557233,98316.91703781688,3999.5,3999.5,1999.75,5999.25,1.0,1.0,1.0,1.0,7999.0,6.864870278477539,0.0675961297845111,0.0,-9.36622872177328,-9.36622872177328,0.0,0.995812710330335,7.604025893830593e-11,0.0012134413414976,1.0856743803250976e-05,7.090498504089481e-05,7.604025893830593e-11,9.419418837675352,0.2702605210420842,0.0054283719016254,3.693536418292652,5.792476231076192,3.2228578609216005,-0.1338587646899023,1.530611600067754,0.0745010940873965,9.419418837675352,-0.1162443731974708,1.1610999776355346e-05,1.0,0,0.9998749843729215,0,0,0.1721597542765902,0.4999374921864608,4.656918739278427,4
IOPS_194,IOPS_194,3.8377551369162e-07,-3.168149404153553e-06,0.0091387071346284,8.351596809250877e-05,0.499875,0.500125,23750.750267213472,147.82596871388245,1.94172299387512,18.29037327389756,0.0011660044939129,-0.0076817818985923,-0.0043324828708097,0.0042601399101792,-0.1671499992480445,0.2131567761991206,-0.3803067754471652,0.0091387071426866,0.0052207599309954,0.6571384535713057,0.215842867575266,0.0240298298652536,-0.1671499992480445,23750.750267213472,3999.5,3999.5,1999.75,5999.25,1.0,1.0,1.0,1.0,7999.0,39.2968303796669,0.0015356462258227,0.0,2.355185485373903,2.355185485373903,0.0,4.12522734059801,3.5191567397467497e-10,0.0084053267950509,0.0001842238367466,0.0005888086992029,3.5191567397467497e-10,0.2102004008016032,2.712705410821643,0.0921119183733124,4.329614253916528,3.9264274623636166,2.912885877096423,-0.3327408996507658,1.2691896989621276,0.0368122085867888,6.576573146292586,-0.5618560009044892,0.000143597877756,1.0,0,0.9888736092010264,17,0,0.573089621759622,0.5008126015751343,0.4450883986055083,4
IOPS_199,IOPS_199,1.9382934250794523e-07,-0.0001001588687385,0.0053015303524813,2.81062240782808e-05,0.496625,0.503375,27211.149430764675,-0.6413653332820881,0.0883491663150019,2.777060910187275,0.0567870062868552,0.0208265546706993,-0.004480807103985,0.004466838007421,-0.0147224816537656,0.0369162191816112,-0.0516387008353769,0.0053015303560246,0.0046045890266829,1.922148906203763,0.678434227185113,0.1026658332616976,-0.0147224816537656,27211.149430764675,3999.5,3999.5,1999.75,5999.25,1.0,1.0,1.0,1.0,7999.0,20.68490565801449,0.0046479271575232,9.24579134107278e-72,5.512088927282174,5.512088927282174,0.0,1.0196326071114026,6.97281811363472e-10,0.0017289465754527,6.679161844992925e-05,0.000164223684618,6.97281811363472e-10,5.855851703406814,6.056052104208417,0.0333958092249646,4.797602913978639,5.0115626093614845,2.6800263508131312,-0.5360367635720361,2.1274809298880126,0.08740289234268,7.637635270541082,-0.234201075138043,7.512148972355084e-05,1.0,0,0.998624828103388,2,0,0.0848720249888548,0.5001875234403675,0.1671889592904308,4
IOPS_218,IOPS_218,5.410975338713264e-07,-0.0003371254923862,0.070448297105829,0.0049629625651111,0.498125,0.501875,129955.02230517578,12.216145889905206,-0.6482640077091305,14.840485102779356,0.0143793362933869,-0.0031856935714315,-0.0449341864318881,0.0439766926280782,-1.0454863774581806,0.3674163040330427,-1.4129026814912231,0.070448297107907,0.0535457862549094,1.3709345061814704,0.4656012623851269,0.049860686074723,-1.0454863774581806,129955.02230517578,3999.5,3999.5,1999.75,5999.25,1.0,1.0,1.0,1.0,7999.0,43.7209618305214,0.0008045190738138,0.0,176.76300381695668,176.76300381695668,0.0,1.1833213510435467,1.7859498383249211e-09,0.0029477358508771,0.0001506616754628,0.0003590576566265,1.7859498383249211e-09,0.3503406813627255,8.6386372745491,0.0753308377314423,4.816862623881242,4.472410272242884,2.798380889183481,-0.4645190291703138,1.6829623744051525,0.0898138536365133,6.956953907815632,-0.4119689695404434,0.0001571870690801,1.0,0,0.9168646080758948,38,0,2.5711675202588538,0.4968121015126269,17.844636020993807,0
IOPS_225,IOPS_225,6.536524044353787e-07,-0.0013324865085166,0.0605656550075522,0.0036681985664938,0.49,0.51,92515.7451453778,12.746765394406324,-0.2408250854954526,16.664446913923317,0.0660344615480542,-0.004976095141831,-0.0358215431062518,0.0328150279763264,-1.0092925056923914,0.4779630190426189,-1.4872555247350103,0.0605656550110795,0.0444335560943148,1.1369174463864422,0.393346441642729,0.0407230996688483,-1.0092925056923914,92515.7451453778,3999.5,3999.5,1999.75,5999.25,1.0,1.0,1.0,1.0,7999.0,42.75504864644591,0.0005520520570886,0.0,-14.14933384185594,-14.14933384185594,0.0,0.8903452580889376,8.36612839068629e-10,0.0045382828214486,0.0002188718254511,0.0004881723482713,8.36612839068629e-10,5.955951903807615,9.019018036072143,0.1094359127255909,4.937377869856128,4.780161814093218,2.613478272716568,-0.5432103201369702,1.937005385347588,0.0810084757786314,7.4774749498998,-0.3507124171510729,0.0002267312838661,1.0,0,0.5776972121514466,58,0,2.4213787734609014,0.498937367170834,-0.2765900734910617,0
IOPS_236,IOPS_236,3.1105545419851667e-06,-0.0021289741806569,0.0662472543867109,0.0043886987137775,0.48325,0.51675,21290.725742652525,35.11941358086792,-1.4484656360357857,20.71190151582709,0.0965512332285972,0.0431607346316821,-0.036695503934915,0.03555598286529,-1.3721035187088615,0.4641281043192009,-1.8362316230280624,0.066247254459737,0.0467312199440387,1.092959576635426,0.3648388695876194,0.0360778310970307,-1.3721035187088615,21290.725742652525,3999.5,3999.5,1999.75,5999.25,1.0,1.0,1.0,1.0,7999.0,51.79611912030166,0.0006276472616535,0.0,25.66662548667816,25.66662548667816,0.0,1.7666886010568392,2.2037174264359888e-09,0.0051320280881649,0.0001804570617839,0.0004124292685129,2.2037174264359888e-09,6.336332665330661,3.473466933867736,0.0902285308919681,4.929455806366853,4.786127805646876,2.584235601025382,-0.5997539530306403,1.9381096411859584,0.1061974989605904,7.0970941883767535,-0.3345701866141489,0.0002015172236364,1.0,0,0.5728216027002659,55,0,3.0418375339356416,0.5036879609950614,1.910660488513109,4
IOPS_24,IOPS_24,5.1463696145503954e-08,-0.000190008729227,0.0181127229399393,0.000328070732299,0.495375,0.504625,345242.9826847336,5.26804651964061,0.4000833234438532,7.110878802850607,0.0314795599303679,0.0129020870863686,-0.0118050258649553,0.0117286418497197,-0.1287973332627032,0.2459643456101901,-0.3747616788728933,0.0181127229400124,0.0140595343552032,1.3185865270801662,0.4561996300378106,0.0483313100370416,-0.1287973332627032,345242.9826847336,3999.5,3999.5,1999.75,5999.25,1.0,1.0,1.0,1.0,7999.0,47.010959049370605,0.0009541126005738,1.7215733258753758e-243,-786.7476206617654,-786.7476206617654,0.0,1.337482040032076,1.0652021474526726e-09,0.0031564748630368,0.0001672829831201,0.0003913064017354,1.0652021474526726e-09,5.535531062124249,7.757755511022045,0.0836414915600682,4.85987480652828,4.5762395959949504,2.744617438300893,-0.4953167740541285,1.7595002818541936,0.086988521527449,7.077074148296593,-0.4281847341371309,0.0001857058201137,1.0,0,0.7642205275658501,26,0,1.1639128109552743,0.5004375546942742,0.6891918603398566,0
IOPS_241,IOPS_241,0.0004139909387545,-0.0008481615966337,0.0671621613968819,0.0045107559235008,0.498375,0.501625,162.2306018782305,372.1332644483321,10.96599984379287,15.166423455204342,0.05637783941186,0.0928403514729108,-0.0094232723780558,0.0094821338352061,-1.018195804139559,2.2211602319382564,-3.239356036077816,0.0671634373152401,0.0166976426978655,0.1670511170893479,0.0532774438515644,0.0207331829623359,-1.018195804139559,162.2306018782305,3999.5,3999.5,1999.75,5999.25,1.0,1.0,1.0,1.0,7999.0,18.325572762385907,0.0787650077464183,0.0,0.0191377992307958,0.0191377992307958,0.0,0.0099132235064505,1.1255036557052742e-09,0.0023534270760808,0.0002339791357294,0.0004125829009122,1.1255036557052742e-09,5.855851703406814,6.916913827655311,0.1169895678647071,5.185445348139598,4.651632477167261,2.763069098614272,-0.2710483560251185,1.7631408376475568,0.1003937621413532,7.457454909819639,-0.1127273069842385,0.0002443936495725,1.0,0,0.9836229528689856,48,0,4.692047721042948,0.499687460932554,1.1542114057109556,2
IOPS_242,IOPS_242,0.0007181056248212,0.0085885435580257,0.0208553370421759,0.0004349450831427,0.5025,0.4975,29.04211759272749,939.5280127696092,18.948920914575574,14.627098918522844,-1.132147258983001,-0.714137733740477,-0.0119480019495171,0.0120133691191431,-0.3043349868973192,1.0772016621857006,-1.38153664908302,0.0208676965386972,0.0128760410832281,0.0624237559925807,0.0196421329861817,0.0150957537325721,-0.3043349868973192,29.04211759272749,3999.5,3999.5,1999.75,5999.25,1.0,1.0,1.0,1.0,7999.0,41.33045893969068,0.0577362032356979,0.0,0.9670055363151312,0.9670055363151312,0.0,5.051509535543864,2.2907367990036224e-10,0.0014449329996169,0.0001583551707341,0.0002505588646632,2.2907367990036224e-10,6.276272545090181,6.6366332665330665,0.0791775853670721,5.230081660535576,4.535915464175666,2.737859008072468,-0.4145660119449382,1.687672774505291,0.1030578165688197,7.297294589178357,-0.3313128899836874,7.033096593553169e-05,1.0,0,0.9946243280408807,24,0,5.256533416059234,0.5006875859481809,1.1602082781917022,4
IOPS_243,IOPS_243,0.0005750264509165,0.0021621407878964,0.0524717788156858,0.0027532875720822,0.506375,0.493625,91.25091112093229,416.6858356630023,6.632484160918693,20.53852267195037,-0.0907410236066785,-0.7110469862484294,-0.0029762878836114,0.0030298923759391,-1.0771178129311352,1.929025368544103,-3.006143181475238,0.0524749295140213,0.0081801578131941,0.1448853000466214,0.046872633484,0.0174548501620208,-1.0771178129311352,91.25091112093229,3999.5,3999.5,1999.75,5999.25,1.0,1.0,1.0,1.0,7999.0,18.58809819970044,0.0275667632068865,0.0,0.98623688663697,0.98623688663697,0.0,585.3171210025001,9.379363014271702e-11,0.0024065967249521,0.0002400361069196,0.0004007557064037,9.379363014271702e-11,6.976973947895792,2.0920841683366733,0.1200180534598062,5.295733856871348,4.650530819520674,2.804067150782851,-0.306063652063419,1.7897617395181404,0.1458458449384386,7.357354709418838,-0.1397800041718137,0.0001315141445303,1.0,0,0.9833729216150788,42,0,4.566560708051458,0.4998124765595074,-2.481505397067313,2
IOPS_246,IOPS_246,0.0007993100393401,0.0008025350451346,0.0697730999048547,0.0048682854703328,0.500125,0.499875,87.29155043630098,858.6079324354237,16.623624849035064,19.106854542863232,-0.0001386640017127,-0.7259188537467521,-0.0009443862049303,0.0010799510149953,-1.3323451799542383,3.4089711416456794,-4.741316321599918,0.0697776781418802,0.0089672115457519,0.1299796048048923,0.0408991199339636,0.0147159765679996,-1.3323451799542383,87.29155043630098,3999.5,3999.5,1999.75,5999.25,1.0,1.0,1.0,1.0,7999.0,32.09629812350038,0.0116323883792519,0.0,0.9583204966572492,0.9583204966572492,0.0,52.0014893705926,7.967727210201813e-12,0.0018660117878962,0.0002491653763134,0.0003227784327703,7.967727210201813e-12,0.9509418837675352,0.5505410821643287,0.1245826881567035,5.529168741066168,4.941933548889488,2.8735219976714705,-0.0689520937181884,1.8133048131224496,0.1884946563197966,8.298296593186373,0.0013170515753365,0.0001341049676199,1.0,0,0.9501187648454869,43,0,5.948977054396529,0.4985623202899739,-4.574168919011631,2
IOPS_255,IOPS_255,5.925126723537871e-07,-4.753057275785899e-05,0.0041564344753692,1.7275947548037927e-05,0.4925,0.5075,7003.109906458114,131.79556955485052,4.732919993343983,10.47766280230926,0.0347339101367412,0.0055140486764048,-0.0018239925206157,0.0017486310006125,-0.0435491368578024,0.1086502671461389,-0.1521994040039413,0.0041564345176014,0.0023343875866462,0.7358891132721839,0.2380714998704055,0.0273091374783074,-0.0435491368578024,7003.109906458114,3999.5,3999.5,1999.75,5999.25,1.0,1.0,1.0,1.0,7999.0,53.02195823454376,0.0010666441408531,0.0,-0.0024925002830448,-0.0024925002830448,0.0,3.669537095137029,2.496909504646769e-09,0.0060368678757611,0.0001823381679171,0.0004676400487587,2.496909504646769e-09,0.1901803607214429,4.554549098196393,0.0911690839585687,4.726163280119412,4.107317780997608,2.9093485983858574,-0.2975577063472983,1.4056110664495942,0.0562286410166753,7.137134268537075,-0.4907805440607324,0.0001685818510857,1.0,0,0.9408676084509388,56,0,0.2182216111067354,0.5016877109638077,0.0527418927179444,4
IOPS_256,IOPS_256,3.197396064068825e-07,-5.728261546034119e-05,0.0033146427414409,1.0986856503386987e-05,0.4895,0.5105,10334.373040403516,54.714845962464295,3.682662088815727,7.803676165339918,0.0521344309313683,-0.0185266618945894,-0.0014332421793823,0.0012686204347965,-0.0258660866220692,0.0550612157641126,-0.0809273023861818,0.0033146427568624,0.0019120125847497,1.0902266040626636,0.3527051537339654,0.0409582749300761,-0.0258660866220692,10334.373040403516,3999.5,3999.5,1999.75,5999.25,1.0,1.0,1.0,1.0,7999.0,34.800939603889766,0.000877264372976,0.0,-3.405240545923183,-3.405240545923183,0.0,0.2892938967327844,2.164640447124081e-09,0.0022217029555365,0.0001760127503884,0.000335591828559,2.164640447124081e-09,0.1501402805611222,4.414408817635271,0.0880063751942459,5.045672254175137,4.394858701938054,2.756582149537827,-0.293850875284767,1.6081081283145704,0.0864566633707345,7.157154308617235,-0.3327879184752774,0.0001757701457081,1.0,0,0.8506063257906175,71,0,0.1050609417945045,0.5013126640829477,0.0053068286720586,4
IOPS_261,IOPS_261,1.239550806016032e-05,-0.0009606913065383,0.14552774175344,0.0211783236198559,0.498875,0.501125,11739.414119459536,0.9016550372472492,-0.146162641189042,11.36023181317087,0.0200598208187792,0.0005495940804759,-0.1286992059423788,0.1269183092030417,-1.6532164974185155,0.6632812332165656,-2.3164977306350814,0.1455277422813415,0.130581633052647,1.4433897389097077,0.5094532472919253,0.062822311356515,-1.6532164974185155,11739.414119459536,3999.5,3999.5,1999.75,5999.25,1.0,1.0,1.0,1.0,7999.0,30.56091539376307,0.0106110545939062,3.618783194896105e-36,7.292139833985542,7.292139833985542,0.0,0.9489609752804452,2.9998322598829607e-09,0.0014596033286082,5.202170514413436e-05,0.0001212574123576,2.9998322598829607e-09,7.197194388777556,8.238236472945893,0.0260108525720671,4.871779905427111,4.795096741157739,2.868436691374765,-0.262732778871724,1.7195869948469065,0.0987859376832444,7.757755511022045,-0.2613820226583652,5.36520411291158e-05,1.0,0,0.9968746093260412,5,0,3.770488613270757,0.5000625078134141,130.76157350959232,0
IOPS_264,IOPS_264,6.367082129514756e-07,5.833239895025599e-05,0.0751309603914962,0.0056446612093485,0.500125,0.499875,117814.00782619858,10.857069324439673,-0.72734446502542,15.410903301847044,-0.0023038048363308,-0.0026026348465151,-0.0554360025628071,0.0552645542314635,-1.1578353442709393,0.4153464985406856,-1.5731818428116249,0.0751309603941941,0.0608845363917084,1.3306359200598172,0.4519149247183925,0.04775732741071,-1.1578353442709393,117814.00782619858,3999.5,3999.5,1999.75,5999.25,1.0,1.0,1.0,1.0,7999.0,37.5524660405485,0.0016527009897264,0.0,-24.560822514185816,-24.560822514185816,0.0,1.0284032563554877,5.184906105958867e-10,0.0033059371182297,0.0001183745648319,0.0002857352849005,5.184906105958867e-10,0.2902805611222445,3.5735671342685373,0.0591872824159609,4.858863270313391,4.1130260306053,2.790913013851638,-0.1306540922389435,1.579647286466015,0.0863270394804919,6.916913827655311,-0.3011451696967772,0.0001224943408018,1.0,0,0.9763720465056912,20,0,2.827014008472105,0.5006875859481809,22.888934071424263,0
IOPS_267,IOPS_267,1.8834529933209333e-06,-0.0005098814164199,0.059698149364592,0.0035638690375571,0.4955,0.5045,31679.29875469445,21.681306831271385,-1.1433398047773229,16.90781426620745,0.025717624396457,0.0050628458737413,-0.0345188448218642,0.0338451986092849,-1.009363354947654,0.2830775632258451,-1.292440918173499,0.0596981493943031,0.043605493434664,1.3302967661026504,0.4440639697353152,0.0461902346784008,-1.009363354947654,31679.29875469445,3999.5,3999.5,1999.75,5999.25,1.0,1.0,1.0,1.0,7999.0,54.75852464935184,0.000710881931021,0.0,6.814575516362639,6.814575516362639,0.0,1.1588921346076202,8.931903895924611e-09,0.0036708995037922,0.0002209044690693,0.0005121466738743,8.931903895924611e-09,5.1551503006012025,1.5915831663326654,0.1104522345346693,4.838844073254365,4.650765678907462,2.634655752216412,-0.5650494851073021,1.9122365559385937,0.090750896166856,7.177174348697395,-0.2520416891064985,0.0002382391720394,1.0,0,0.6383297912238232,51,0,2.7938180177832663,0.5005625703212275,2.007897185985722,0
IOPS_269,IOPS_269,1.14607021793278e-06,0.000909150112605,0.1193286147843303,0.0142393183063471,0.5009761811792268,0.4990238188207731,104029.04104631123,4.168588513208404,-0.4800217720151251,10.331371802978415,-0.0228278197082638,-0.0022471748258619,-0.0906486018244834,0.092056332119327,-1.232827150332458,0.4730486637993181,-1.705875814131776,0.1193286147898339,0.0987058232373602,1.629606581291982,0.5638051839789391,0.0699515250323848,-1.232827150332458,104029.04104631123,2560.5,2560.5,1280.25,3840.75,1.0,1.0,1.0,1.0,5121.0,27.543948092086275,0.0034329551009544,4.870119253439278e-146,-87.78307214597562,-87.78307214597562,0.0,1.0179578188801506,6.303353832546602e-09,0.0041719304431627,0.0001689780517483,0.0004103075837055,6.303353832546602e-09,9.419418837675352,5.195190380761523,0.0844890258741676,4.843409753274486,4.566023349942777,2.9845549459734886,-0.2647289909113496,1.67047569734093,0.0966672620471447,7.517515030060121,-0.3991155874271451,0.0001831482249588,1.0,0,0.9869166178478838,8,0,2.65887426042022,0.4983401679358527,42.70179783468297,0
IOPS_275,IOPS_275,7.870607956146358e-07,0.0018388743360731,0.1175709192368687,0.0138229210502023,0.501375,0.498625,149190.16386949067,-1.2082317649504934,0.0343128875547838,2.634419407892716,-0.0469015791891647,-0.0220588065416175,-0.1074952978185592,0.1064535893566542,-0.3097303270150178,0.5443161030752321,-0.8540464300902499,0.1175709192395031,0.1079202406064164,1.981914645397033,0.7148246073370588,0.1376633810023434,-0.3097303270150178,149190.16386949067,3999.5,3999.5,1999.75,5999.25,1.0,1.0,1.0,1.0,7999.0,18.82774049256672,0.0110157054156155,0.0,87.54050100442178,87.54050100442178,0.0,1.0402558144131264,1.834046434701925e-09,0.0009911248121703,4.649893426636802e-05,0.0001020860752336,1.834046434701925e-09,9.419418837675352,5.575571142284569,0.023249467133184,4.921794286948551,4.342783826649331,3.0144408379732224,-0.0464396579842212,1.6352920536605218,0.1108316730094371,7.437434869739479,-0.3196756832219951,4.506122681720614e-05,1.0,0,0.9991248906112016,5,0,1.596787633579538,0.4999374921864608,92.2994751057552,4
IOPS_285,IOPS_285,1.231898869633552e-05,0.0007196132415216,0.07438903476302,0.0055337284929738,0.5035,0.4965,6038.076543458717,64.95434669630671,-3.016957747002511,22.866731998069564,-0.028524133116011,0.0011357323417353,-0.0420802245765443,0.0436167799203204,-1.7010218253990956,0.4969839275865695,-2.198005752985665,0.0743890357830459,0.0527509656976742,1.0613222051309463,0.3486005527934167,0.033843876262894,-1.7010218253990956,6038.076543458717,3999.5,3999.5,1999.75,5999.25,1.0,1.0,1.0,1.0,7999.0,68.10116036299908,0.0005877857581321,0.0,4.707995615706206,4.707995615706206,0.0,0.6569850575265486,2.3091548500731235e-09,0.0053956957162157,0.0001915982253184,0.0004489063138001,2.3091548500731235e-09,6.25625250501002,4.414408817635271,0.09579911265923,4.916482048848168,4.4231335716983,2.770613822845174,-0.3008087550538115,1.6649026618323903,0.0955872435393662,7.177174348697395,-0.3905982608650487,0.0002116448483506,1.0,0,0.7225903237903835,28,0,5.679052567434184,0.4956869608700467,7.27744003223059,0
IOPS_3,IOPS_3,6.487657165253644e-07,-5.75731790538811e-06,9.672681216885392e-05,9.356076192348749e-09,0.465391621129326,0.5346083788706739,148.86413627068933,16.500977671861303,1.304881446451069,7.1465042621270936,0.1986838163173987,0.0333114891279357,-5.663022452641678e-05,4.862172106850915e-05,-0.0006906169562144,0.0017216428572247,-0.0024122598134391,9.67289878438914e-05,7.006215927757567e-05,1.195770698527457,0.3991580651864109,0.0400979909095949,-0.0006906169562144,148.86413627068933,4391.5,4391.5,2195.75,6587.25,1.0,1.0,1.0,1.0,8783.0,45.75163176929767,0.0002389157599262,0.0,0.5185557912532865,0.5185557912532865,0.0,1.1269781152537954,4.948367881920245e-10,0.0092458488612582,0.0002313435465135,0.0006695944837538,4.948367881920245e-10,6.19619238476954,3.313306613226453,0.1156717732567826,4.660209867953302,4.727146005001854,2.633234122673053,-0.5164745334165514,1.82010686329658,0.0634565505584248,7.3773747494989985,-0.2876322719729404,0.0002953574810678,1.0,0,0.5574405100762202,57,0,0.0026729734159196,0.5021063417965954,6.347894774683257e-07,4
IOPS_319,IOPS_319,2.220673860969802e-07,-0.0001784135963802,0.0219829854858963,0.0004832516508731,0.496,0.504,98548.63084439932,11.307042211237333,-0.4739739445389302,17.22617455349255,0.0243782614178884,-0.0021876353781445,-0.0152105526866375,0.0147880993791336,-0.378682540345733,0.1591694137724815,-0.5378519541182145,0.021982985487018,0.0173337122754587,1.217928349527871,0.4136368108599843,0.0408718147748756,-0.378682540345733,98548.63084439932,3999.5,3999.5,1999.75,5999.25,1.0,1.0,1.0,1.0,7999.0,31.936769904236808,0.0008613855502978,0.0,-87.15016088746275,-87.15016088746275,0.0,1.23686808986371,7.747426492798524e-09,0.0069733246568579,0.0001794716681975,0.0005058199843496,7.747426492798524e-09,6.596593186372746,6.976973947895792,0.0897358340987699,4.726038856494655,4.790655486753396,2.73294550475968,-0.4610867462426486,1.7997073575678912,0.0864437087002321,7.517515030060121,-0.2776350990233618,0.000216264592791,1.0,0,0.8778597324664486,14,0,0.4873483351129408,0.4988123515438806,1.0823234959741952,0
IOPS_327,IOPS_327,0.0079485570612191,0.0067602122929161,0.1452222094883191,0.0210894901286692,0.496125,0.503875,18.27025837514548,111.47201787700726,4.666014090234999,11.799792436903328,0.0245488227518463,-0.0872010008788172,-0.0566469991716481,0.0599960343975075,-1.7056433839292326,3.799441138567886,-5.505084522497119,0.1454395740093621,0.0826453481541254,0.8158240114174146,0.2639316746578866,0.0263796511876381,-1.7056433839292326,18.27025837514548,3999.5,3999.5,1999.75,5999.25,1.0,1.0,1.0,1.0,7999.0,39.99138882653428,0.0016575004853629,0.0,0.3875030476259365,0.3875030476259365,0.0,0.5861730431480429,1.399515120936218e-09,0.0044554298092992,0.0002133998597674,0.0005586780470162,1.399515120936218e-09,6.036032064128257,8.458456913827655,0.1066999298837127,4.636030515251162,4.751749202812636,2.630851513479741,-0.7442890430987504,1.94398987959266,0.047922058731698,6.936933867735471,-0.298931002923658,0.0001967418465219,1.0,0,0.916614576821988,60,0,19.20411672851356,0.5003125390673209,19.911059157077,2
IOPS_328,IOPS_328,0.126494027008663,0.0592855444286338,0.5253736857203913,0.2760175096474285,0.22425,0.77575,4.153347742902223,232.1398363836983,13.751215582001109,2.81931746628491,0.3837753066749889,0.1928547362150815,0.0204556679374077,0.1166710044570568,-1.3547011842886327,12.54886432730757,-13.903565511596202,0.5403871283777,0.1327225670315876,0.1598108898165469,0.0509683254887527,0.0377869752362743,-1.3547011842886327,4.153347742902223,3999.5,3999.5,1999.75,5999.25,1.0,1.0,1.0,1.0,7999.0,226.33870058096124,0.0001099908178968,0.0,0.2698294167115138,0.2698294167115138,0.0,0.0114552368095021,3.5254637923121705e-09,0.0150288100770679,0.0002319073149142,0.0012090458700031,3.5254637923121705e-09,6.276272545090181,5.555551102204409,0.115953657457131,3.6952277104522886,4.281175083303471,2.8835195221482595,-0.6463430414351712,1.5332298619856777,0.0243871715629122,6.6366332665330665,-0.6275090367953544,0.0001770356705649,1.0,0,0.8221027628452529,69,0,486.9580371722814,0.4983122890360671,1626.8093945139503,2
IOPS_329,IOPS_329,0.016210166947369,0.0317776799797865,0.1235198348099202,0.0152571495914699,0.527875,0.472125,7.619898523628063,1563.666890952314,31.052022961703216,5.815443049198321,-0.3780974836229629,-0.6986972188328145,-0.0376008533825075,0.0440835483387313,-0.7021124036515498,7.223163188353624,-7.925275592005174,0.1245789673417289,0.0498795725457349,0.1049244018207974,0.0325965981593891,0.0155855570396742,-0.7021124036515498,7.619898523628063,3999.5,3999.5,1999.75,5999.25,1.0,1.0,1.0,1.0,7999.0,105.27146565815652,0.0214580765172948,0.0,0.394879265177411,0.394879265177411,0.0,0.1097040095961979,1.5554742923006337e-11,0.0032356011397967,0.0002128048805586,0.0003673425982677,1.5554742923006337e-11,0.01,3.5735671342685373,0.1064024402793114,5.169201817233467,4.373966132776989,2.790306631556738,-0.3500273979432969,1.5818224074943612,0.0971350334789406,7.197194388777556,-0.4110109107113681,0.0001297584482391,1.0,0,0.973121640204904,24,0,38.81561975160164,0.498937367170834,14.025036141308656,3
IOPS_330,IOPS_330,0.0164021302807399,0.0819201821665146,0.1619103587023413,0.0262149642551208,0.509375,0.490625,9.871300011630982,390.20590643070926,10.764359304518788,5.795440114167239,-1.2139689888817018,-0.6544370516036184,-0.1158433288515348,0.1232271277719335,-0.9219396632374556,6.715269437718689,-7.637209100956145,0.162739036905308,0.1254550101257601,0.7354536833889214,0.2345574995539976,0.0212001997772812,-0.9219396632374556,9.871300011630982,3999.5,3999.5,1999.75,5999.25,1.0,1.0,1.0,1.0,7999.0,61.84089866811141,0.041291794630986,0.0,0.5081570570212463,0.5081570570212463,0.0,2.260102849028716,1.099823777632939e-09,0.0011599268666101,0.0001097962287818,0.0001888043854072,1.099823777632939e-09,6.276272545090181,1.8518436873747497,0.0548981143909482,5.178032331850497,4.614552487392266,2.7293676618726423,-0.3741213244097902,1.773941940406086,0.1215731174536433,7.217214428857716,-0.258297910861984,8.374987459498105e-05,1.0,0,0.9956244530565076,19,0,31.54449425553309,0.5004375546942742,115.18591717746284,3
IOPS_331,IOPS_331,0.0060880898060085,0.0072229442203024,0.0782554805182703,0.0061239202311453,0.502625,0.497375,12.853862238887304,24.2280593792464,2.2376235197280163,7.705411460138693,-0.0435057477997475,-0.1123058070057871,-0.0459493547034411,0.0496579837329642,-0.5969025943035438,1.204156872615954,-1.8010594669194977,0.0784919426987982,0.057599407282981,1.168946485435587,0.3839506881498727,0.0434496927570457,-0.5969025943035438,12.853862238887304,3999.5,3999.5,1999.75,5999.25,1.0,1.0,1.0,1.0,7999.0,35.51019352261167,0.0074994591441441,0.0,0.4726538229731752,0.4726538229731752,0.0,0.8325933866743905,3.4707684863216244e-10,0.0031090472740671,0.0001552836713592,0.000345338543604,3.4707684863216244e-10,6.056052104208417,2.552545090180361,0.0776418356796248,4.882531226699177,4.621794255853928,2.716013429901284,-0.5149013964796831,1.7843007687987926,0.0765161212529091,7.0970941883767535,-0.3090037742570377,0.0001586989498787,1.0,0,0.9506188273533004,84,0,8.245804805343129,0.499687460932554,20.465375115776705,0
IOPS_333,IOPS_333,0.0024274397935051,-0.0003143851911629,0.0404538945920271,0.0016365175876628,0.44075,0.55925,16.665244606692873,84.41934263160351,4.571715137807596,9.128528131028371,0.2033296134680604,0.0059260838030223,-0.0114862318762084,0.0109906614533109,-0.3668570841279994,1.0558371403283218,-1.4226942244563212,0.0405266585300828,0.0215990889941783,0.717168284623863,0.2320150225088847,0.0284347078017075,-0.3668570841279994,16.665244606692873,3999.5,3999.5,1999.75,5999.25,1.0,1.0,1.0,1.0,7999.0,32.47126922747892,1.7834261250211892e-05,0.0,0.578838754852368,0.578838754852368,0.0,2.0805853406405963,1.4353012543391954e-10,0.0036541031820609,0.0002067603937189,0.0004627320870756,1.4353012543391954e-10,5.1551503006012025,0.9709619238476954,0.1033801968594578,4.899780227419052,4.460691011621884,2.8131787566111983,-0.3185800046848146,1.5998696582306604,0.0657034908836843,7.3773747494989985,-0.2477919629809277,0.0002207436810741,1.0,0,0.6670833854230944,106,0,3.925438296919816,0.5025628203524812,-0.0401926254286728,4
IOPS_334,IOPS_334,0.0032383295225926,0.0015061090466161,0.0472101206057056,0.0022287954876052,0.490375,0.509625,14.57853677267877,80.39346484368909,3.8295817447066463,7.872835774980923,0.1100751544622522,-0.0628990653537588,-0.0252488908148196,0.025094553265793,-0.3684392047960062,1.2909226542330714,-1.6593618590290775,0.0473210552048679,0.0324343125105233,0.9477566602436418,0.3066139253141998,0.0284507687822102,-0.3684392047960062,14.57853677267877,3999.5,3999.5,1999.75,5999.25,1.0,1.0,1.0,1.0,7999.0,27.896079239725346,0.0042465948559928,0.0,0.4970938251232402,0.4970938251232402,0.0,1.344831363540146,5.2113029331425686e-11,0.0077188287624849,0.0001841386484659,0.0004962010811162,5.2113029331425686e-11,6.476472945891784,6.336332665330661,0.0920693242329989,4.764801401303664,4.528463785194076,2.66369122796387,-0.4630196451762305,1.823181848023783,0.0656507079921465,6.85685370741483,-0.2263241381472309,0.0001954710222554,1.0,0,0.911613951743854,91,0,4.090212496728295,0.5028128516063879,5.254974236498697,0
IOPS_337,IOPS_337,0.0167431659399598,0.0182542208250766,0.1066230219999696,0.011368468820406,0.506625,0.493375,6.368151400646881,1086.8293563401542,22.7415299950224,10.723858476258275,-0.0425158143879648,-0.3472421294320537,-0.0315546737906688,0.0423873346337885,-1.1266670430225465,5.721351950306371,-6.8480189933289175,0.1079296179280694,0.0485293815758499,0.7457180605880729,0.2346461388515192,0.0155699074561954,-1.1266670430225465,6.368151400646881,3999.5,3999.5,1999.75,5999.25,1.0,1.0,1.0,1.0,7999.0,71.34106269842201,0.0066747299899266,0.0,0.4697426725991822,0.4697426725991822,0.0,0.2166478484062551,4.021949875852058e-09,0.0037697713364158,0.0002096461904043,0.0004326538715602,4.021949875852058e-09,0.2302204408817635,6.996993987975952,0.1048230952021767,5.024202090072362,4.291702459265426,2.8557038613971595,-0.2392669464813183,1.4860362110125924,0.0885684301121868,7.197194388777556,-0.3925683134611543,0.0001897577961215,1.0,0,0.9366170771345248,39,0,27.842645380139828,0.4948118514813733,8.550892855690979,3
IOPS_338,IOPS_338,0.0265286525830576,0.0920230881050724,0.2183975500530155,0.0476974898691594,0.507625,0.492375,8.232515433519538,274.103972312632,9.373506084419596,4.399384682474091,-0.8996589275781227,-0.5502155742889446,-0.1461509987775341,0.1611276669225506,-0.9342861882094322,7.932280031175992,-8.866566219385424,0.2200028619746389,0.1637339050033261,0.4802967394178617,0.1531805534274773,0.0246315816771198,-0.9342861882094322,8.232515433519538,3999.5,3999.5,1999.75,5999.25,1.0,1.0,1.0,1.0,7999.0,60.22171470910231,0.0360078692040602,0.0,0.54098551171936,0.54098551171936,0.0,0.7438900786410599,7.073354453117036e-11,0.0020479366820988,0.0001208032420559,0.0002411403443207,7.073354453117036e-11,0.8908817635270542,3.693687374749499,0.0604016210279972,5.005831213171291,4.313099851304817,2.837088642555524,-0.1963471255461249,1.596043996524874,0.0893285849964232,7.177174348697395,-0.3575936887695438,0.0001192598983938,1.0,0,0.9916239529940002,29,0,43.589601280651394,0.5001875234403675,194.84870125681232,4
IOPS_342,IOPS_342,0.0213722646096556,0.0200873239120242,0.1543950475830272,0.0238378307181652,0.482125,0.517875,7.22408425961514,1974.786368986457,36.99230938302232,6.204164194000799,0.0249672650015153,-0.5335710718199347,-0.0189511449437467,0.0319607029729687,-0.9365199675401756,9.564982176813372,-10.501502144353548,0.1558672653661132,0.0381181822949785,0.071194876069214,0.022117931824851,0.0147021869296422,-0.9365199675401756,7.22408425961514,3999.5,3999.5,1999.75,5999.25,1.0,1.0,1.0,1.0,7999.0,133.84592634465284,0.0078449166371467,0.0,0.3702898756129512,0.3702898756129512,0.0,0.0442512751348324,5.856525461982191e-12,0.002768852450094,0.0002259095741615,0.0003806682906062,5.856525461982191e-12,6.276272545090181,5.535531062124249,0.1129547870807644,5.187998184689603,4.529552288229981,2.7020938347656456,-0.4341759001402558,1.6846534171276355,0.0904479112061392,7.177174348697395,-0.3748595889930065,0.0001203635595463,1.0,0,0.9228653581696558,21,0,56.849453905675965,0.4998124765595074,5.104755809696728,3
IOPS_344,IOPS_344,9.549249730911313e-08,-0.0005548774930659,0.0278996264487044,0.0007783891559772,0.491125,0.508875,289137.7798973138,8.776574026755634,0.7187683101150263,6.688555736013657,0.0596753114266774,0.0064788828698063,-0.0179457966490748,0.0170628586465113,-0.1866081177121792,0.3391280610387497,-0.5257361787509289,0.0278996264488679,0.0212221764370235,1.4277636971252132,0.4849017781460378,0.053067731541554,-0.1866081177121792,289137.7798973138,3999.5,3999.5,1999.75,5999.25,1.0,1.0,1.0,1.0,7999.0,23.433790998384413,0.0006293918522222,0.0,48.27055587378526,48.27055587378526,0.0,1.401404496133955,4.0142211041845725e-09,0.0049324187964228,0.0001922385597187,0.0004925906876125,4.0142211041845725e-09,0.9709619238476954,0.4104008016032064,0.0961192798593792,4.792551644726604,4.652454651761067,2.714373756780749,-0.4319870347683486,1.6566895534196615,0.0778140837723609,7.237234468937876,-0.2252463936896477,0.0002012309029924,1.0,0,0.8359794974370751,33,0,0.6967989808322912,0.5023127890985745,1.0832640998519842,2
IOPS_353,IOPS_353,5.7803116916055335e-08,0.0010885130109858,0.036903153237126,0.0013618427188428,0.50325,0.49675,627571.3800989032,-0.8291842464264367,0.0377940261047883,3.264670676464545,-0.0884847295877446,-0.0489151899742717,-0.0322759446796467,0.0313411293890268,-0.1204765877038767,0.2307386774610407,-0.3512152651649174,0.0369031532371712,0.0325195926325016,1.8617282303523093,0.6714765211108816,0.1050727482324122,-0.1204765877038767,627571.3800989032,3999.5,3999.5,1999.75,5999.25,1.0,1.0,1.0,1.0,7999.0,24.69172566632575,0.0046583106004588,7.386891327608538e-170,-623.9301335144394,-623.9301335144394,0.0,1.062229489750497,1.788753745259728e-09,0.0016088076309515,5.143116425974725e-05,0.0001389212672226,1.788753745259728e-09,6.396392785571143,3.73372745490982,0.0257155821298736,4.792650158822863,4.651795067356448,2.8958568623216845,-0.3136062852780538,1.830443792537641,0.114303646773387,7.337334669338678,-0.3145007036317446,5.992734308522563e-05,1.0,0,0.999374921865108,3,0,0.6498538442862909,0.5000625078134141,8.907966564446019,0
IOPS_365,IOPS_365,4.029481329315132e-08,-0.000492522104313,0.0230225757612543,0.0005300389946826,0.49325,0.50675,557517.3714388157,9.043582497559234,0.7648467190003103,7.498133656820688,0.0641842662836029,0.0177865833521643,-0.0148903959362165,0.0144268045759385,-0.172626317385486,0.300013066962137,-0.4726393843476231,0.0230225757612896,0.0174020849384851,1.3306105448450758,0.4519063067049398,0.0487106586437383,-0.172626317385486,557517.3714388157,3999.5,3999.5,1999.75,5999.25,1.0,1.0,1.0,1.0,7999.0,42.127793220403895,0.0011103972118214,0.0,-40.48083832348212,-40.48083832348212,0.0,0.6076721023390103,9.237433719058659e-10,0.0134387123693784,0.0001762051174607,0.0007186186443117,9.237433719058659e-10,6.176172344689379,5.815811623246494,0.08810255873036,4.40844360006318,4.894118857707379,2.529982239538209,-0.7714460254422845,2.241843809703721,0.0647805898249922,7.237234468937876,-0.3674427935877954,0.0002190917612767,1.0,0,0.9378672334040582,44,0,0.7375418405423844,0.5003125390673209,1.82472660252451,2
IOPS_381,IOPS_381,1.9552795766486497e-08,-0.0003978540942419,0.0188527512110862,0.0003554262282271,0.493625,0.506375,917284.0242896632,1.673152030908831,0.1667476732822335,5.800525681143668,0.0633128217964553,0.0341328498039279,-0.0129992576021713,0.0130941932879178,-0.1093558538078482,0.1814542808026473,-0.2908101346104956,0.0188527512110964,0.0150063952234488,1.5349377991110442,0.5417656957565221,0.0648283842360199,-0.1093558538078482,917284.0242896632,3999.5,3999.5,1999.75,5999.25,1.0,1.0,1.0,1.0,7999.0,35.057200426122215,0.0013073669528925,1.3345741487360857e-74,937.5951380332004,937.5951380332004,0.0,0.9540641781289668,6.6266435477110995e-09,0.0321410208341512,0.0001642621900074,0.0014479492091178,6.6266435477110995e-09,6.176172344689379,8.038036072144289,0.0821310950037229,3.673074674785578,5.460541104989044,2.014781913179323,-1.2755952243097284,4.030299141057927,0.0663253736311544,6.916913827655311,-0.1516607087775927,0.0002310709222329,1.0,0,0.9273659207399764,31,0,0.63219496117852,0.4968121015126269,1.1850238550267016,0
IOPS_393,IOPS_393,1.1440267076904707e-05,0.0008924097342273,0.1256799370971023,0.0157954465887316,0.501625,0.498375,10984.791828765128,8.874310208690032,-0.5781188945701254,13.929753481434576,-0.0210288805155944,-0.0117549816552071,-0.1025431179037603,0.1019244251428617,-1.7506791149875165,1.134264970199581,-2.8849440851870973,0.1256799376177889,0.1064973429273189,1.2293567969269654,0.4175181775570277,0.043564080738635,-1.7506791149875165,10984.791828765128,3999.5,3999.5,1999.75,5999.25,1.0,1.0,1.0,1.0,7999.0,39.16645699648033,0.0062914040212875,0.0,-14.008084814391667,-14.008084814391667,0.0,1.0733293924075238,9.397378552659363e-10,0.0016850172965402,8.652838251420314e-05,0.0001778641822154,9.397378552659363e-10,5.715711422845692,8.798797595190381,0.0432641912571015,4.984043472112858,4.914030349331734,2.6718019850517085,-0.5130661800781923,2.023108390045502,0.0976758956688285,7.457454909819639,-0.1906769673759651,9.809719877470872e-05,1.0,0,0.9906238279783736,10,0,4.979257670284852,0.5006875859481809,80.7427156462306,4
IOPS_394,IOPS_394,3.712628550790242e-06,0.0065199082261671,0.173834722665301,0.0302185108041221,0.501625,0.498375,46809.93812057747,-0.7869124778772205,-0.0774763015066122,7.112275759258087,-0.1124550169302625,-0.0432737723041683,-0.1583675264242003,0.1577286680858201,-1.236356778613498,0.5554728693874438,-1.7918296480009417,0.1738347227049467,0.1609375940885916,1.6006293939835947,0.577305022042091,0.0970152060840297,-1.236356778613498,46809.93812057747,3999.5,3999.5,1999.75,5999.25,1.0,1.0,1.0,1.0,7999.0,23.00154797665551,0.0143204377274133,1.667469815160583e-140,6.256556412863561,6.256556412863561,0.0,1.0424949993698251,1.7637470293581294e-09,0.0009804776716934,4.654285266408296e-05,0.0001114268095808,1.7637470293581294e-09,9.419418837675352,2.712705410821643,0.0232714263320414,4.8300416046334,4.3989530888602175,3.0033299869933314,-0.0852143939651136,1.6874876829816898,0.0995834210206124,7.437434869739479,-0.3103342024730853,5.443378802897655e-05,1.0,0,0.9973746718338544,1,0,3.6422933745146366,0.4999374921864608,205.64145834019308,4
IOPS_396,IOPS_396,4.160845151532255e-06,-0.0003625459912015,0.1528334683727601,0.0233580690548474,0.499625,0.500375,36722.52638147574,-0.4302019692904162,-0.0689202820849275,8.778382087683301,0.0071981648625411,0.0048492038298854,-0.1354410739269234,0.1360324122180962,-1.3416264290951805,0.6344242832167595,-1.97605071231194,0.152833468429399,0.138001007651958,1.5500802491597965,0.5590732719090487,0.0773428876815641,-1.3416264290951805,36722.52638147574,3999.5,3999.5,1999.75,5999.25,1.0,1.0,1.0,1.0,7999.0,26.65200421651443,0.0116796138272712,3.31874593752279e-24,14.698048041938922,14.698048041938922,0.0,0.9953600339410388,2.0453299387444303e-10,0.0015629747855718,5.17175928842257e-05,0.0001365438414858,2.0453299387444303e-10,0.3103006012024048,9.859859719438878,0.0258587964421128,4.791192223467107,4.5384785367941465,2.9130635448401785,-0.2021991056006746,1.7052153767398093,0.1069681487760081,7.257254509018036,-0.3256761715846031,5.978879289808424e-05,1.0,0,0.998624828103388,5,0,3.7618420666262864,0.5001875234403675,152.5157258544841,4
IOPS_401,IOPS_401,3.2470032517928347e-06,-0.0007162044189925,0.0851696772427968,0.0072538739216421,0.49525,0.50475,26222.1650165482,31.37297291907456,-1.6135398676948196,21.53735714270796,0.0253418154355373,0.0141498995317156,-0.0526594028788309,0.0527180747767275,-1.834326531041388,0.3574310355815555,-2.191757566622943,0.0851696773046911,0.0636682142260481,1.1813453123366071,0.3943427529793154,0.03885907752798,-1.834326531041388,26222.1650165482,3999.5,3999.5,1999.75,5999.25,1.0,1.0,1.0,1.0,7999.0,48.94198885354557,0.0004531018298218,0.0,-46.42047273824714,-46.42047273824714,0.0,0.6939041476041615,1.06454183004459e-09,0.0046034558538419,0.0001837562599563,0.0004598235849325,1.06454183004459e-09,6.8168136272545095,1.5715631262525052,0.0918781299781753,4.781633998849813,4.692862831645287,2.680050461794359,-0.554716791158856,1.8253155783524788,0.0759444178883641,6.89689378757515,-0.365952671218127,0.0001915786127406,1.0,0,0.8163520440053986,22,0,3.378065824930218,0.4973121640204404,10.041265769766078,2
IOPS_418,IOPS_418,3.5079805358329e-09,-0.0002128613152194,0.0145482847476158,0.0002116525890977,0.495625,0.504375,3227228.829400417,1.834857473625788,0.1392007353484512,5.581677275410819,0.0438948258700973,0.0169926622732818,-0.0095440828845729,0.0094409668088077,-0.08120383244567,0.1165274502838329,-0.197731282729503,0.0145482847476163,0.0113102204591513,1.6469041317744917,0.5812848985228163,0.0735760395280595,-0.08120383244567,3227228.829400417,3999.5,3999.5,1999.75,5999.25,1.0,1.0,1.0,1.0,7999.0,20.07902592546661,0.0015090932244064,9.747128082758002e-80,1161.5117803968142,1161.5117803968142,0.0,0.9278359147125302,3.7053428317071026e-10,0.0030983443117025,0.0001108106843816,0.0003071252914042,3.7053428317071026e-10,6.87687374749499,4.754749498997996,0.0554053421908331,4.625043091181389,4.174591684214907,2.9193308326622085,-0.1212777103648386,1.416848765148207,0.0798618823770241,6.996993987975952,-0.2514611241880771,0.0001302983989594,1.0,0,0.932866608325924,48,0,0.1825878781637584,0.4994374296786473,0.7623681103459653,4
IOPS_427,IOPS_427,2.970306614225037e-08,-0.0005419202617904,0.0196623239188857,0.0003866069818911,0.49525,0.50475,640402.6173733985,1.016055501245276,0.1256794912849127,5.5781963042632725,0.0826885885202796,0.0484105886226569,-0.0150238870854613,0.0154135403905648,-0.1096802784926858,0.1404337975645901,-0.250114076057276,0.0196623239189081,0.0166175529026844,1.6360260393467816,0.5774454091858443,0.0786134237233798,-0.1096802784926858,640402.6173733985,3999.5,3999.5,1999.75,5999.25,1.0,1.0,1.0,1.0,7999.0,38.8138399113718,0.0051987847688432,6.09838535559008e-40,-391.3626606925727,-391.3626606925727,0.0,1.1613669467312735,4.527087391958875e-10,0.0059194231396426,8.511502471295853e-05,0.000331455178384,4.527087391958875e-10,6.176172344689379,0.2702605210420842,0.0425575123564792,4.528240471960764,4.899737010076593,2.709210283545847,-0.6192533432774076,2.097537791810001,0.0794491148740761,7.017014028056113,-0.2849031243211813,0.0001070536159249,1.0,0,0.9906238279783736,39,0,0.7295903930749539,0.4999374921864608,2.427206032901057,2
IOPS_450,IOPS_450,4.577900460291939e-07,-0.0021657061494693,0.0997144382782695,0.0099429692011508,0.496375,0.503625,217342.20073276063,8.621056745217977,-0.6809645373428246,13.065810107544166,0.065171021023454,0.0402343211585041,-0.0773204571722274,0.079290167065956,-1.3028494708000675,0.5460960695916413,-1.8489455403917088,0.0997144382793204,0.0830910208044712,1.407258240374069,0.4779376478348758,0.0539304355082379,-1.3028494708000675,217342.20073276063,3999.5,3999.5,1999.75,5999.25,1.0,1.0,1.0,1.0,7999.0,34.126067130746286,0.0021338896404331,0.0,-4.515417891126809,-4.515417891126809,0.0,0.8847329382208778,4.6578546474373815e-09,0.0017466339872916,9.06471691409429e-05,0.0002034529946514,4.6578546474373815e-09,1.25124248496994,2.192184368737475,0.0453235845704714,4.935565025380891,4.474605773979024,2.8900399857092136,-0.2191219347229394,1.5871036227308155,0.0998677408626227,7.257254509018036,-0.3686360003471107,9.34971557853667e-05,1.0,0,0.9856232029002392,16,0,2.700572572742317,0.5001875234403675,50.04199705551069,4
IOPS_459,IOPS_459,3.813156798730954e-07,-7.25342962510922e-05,0.0592758120604217,0.0035136218954224,0.499375,0.500625,155044.1563895511,54.631408268562765,-2.3629914778734795,19.51967650919143,0.0036903219795554,0.0010439010267616,-0.0291627581981508,0.0290784877030887,-1.157044314443057,0.591184312112432,-1.7482286265554894,0.0592758120616482,0.0392187971551741,1.0537960956456012,0.3461285363649548,0.0339062129095242,-1.157044314443057,155044.1563895511,3999.5,3999.5,1999.75,5999.25,1.0,1.0,1.0,1.0,7999.0,51.63400240424959,0.0004589942417508,0.0,205.99673252371585,205.99673252371585,0.0,0.579620891472735,7.491509231522869e-11,0.0029364352473544,0.0002108050628658,0.0004440080465997,7.491509231522869e-11,6.6366332665330665,4.314308617234469,0.1054025314329222,4.924575868928859,4.6385020934220655,2.661746779505872,-0.5187410436805651,1.7921193695873414,0.0803160502165687,7.017014028056113,-0.3711156541979542,0.0002065446103542,1.0,0,0.5759469933740997,52,0,2.597737270339792,0.4973121640204404,0.0191924369843437,0
IOPS_46,IOPS_46,2.3306943796264082e-08,0.0001510042159509,0.026938367752299,0.0007256756571581,0.50075,0.49925,1108258.116614371,2.904932982940076,0.2798318696979042,6.48938631480846,-0.0168140369294914,-0.0134975830916741,-0.0228221823984586,0.0225122850752201,-0.1748134582174891,0.3518960147640229,-0.526709472981512,0.026938367752309,0.0234714654385014,1.3517322044428233,0.4676672473990165,0.0511446425078819,-0.1748134582174891,1108258.116614371,3999.5,3999.5,1999.75,5999.25,1.0,1.0,1.0,1.0,7999.0,25.06250466086828,0.003687974075578,3.223428160022783e-142,-711.5967158078342,-711.5967158078342,0.0,0.8650371881051506,5.753530602306536e-09,0.0009206563457557,6.258588344886772e-05,0.0001352770196279,5.753530602306536e-09,6.176172344689379,1.4914829659318638,0.0312929417244338,4.984507963511307,4.456582382088303,2.872529234011712,-0.1948073804427346,1.7571763969642376,0.1207746143188476,7.137134268537075,-0.3879404495226404,6.719125051114235e-05,1.0,0,0.9966245780721344,5,0,1.0495110210124563,0.4999374921864608,4.44295706226673,0
IOPS_461,IOPS_461,4.89471004288644e-07,0.0006119245964981,0.1200379020037248,0.0144090979174558,0.500875,0.499125,244740.05793231784,3.259564439358507,-0.3543645163421586,10.443492258794867,-0.0152810514894176,-0.0110723054318791,-0.1045418194535656,0.1034625803892552,-1.253614421310365,0.4896360900255274,-1.7432505113358925,0.1200379020047228,0.1069429004408477,1.5406168581955992,0.5330168527469844,0.0688586644055411,-1.253614421310365,244740.05793231784,3999.5,3999.5,1999.75,5999.25,1.0,1.0,1.0,1.0,7999.0,24.53793808492178,0.0089101430498956,1.6751185750444352e-168,-223.87031839389604,-223.87031839389604,0.0,1.030207989444944,9.390490280218428e-11,0.0009515349471865,6.610928665482519e-05,0.0001464906368438,9.390490280218428e-11,6.19619238476954,2.5925851703406813,0.0330546433274125,4.9268302458176905,4.67673249465258,2.8095678822692087,-0.2884920464898509,1.7901834579028826,0.0995800518007638,7.517515030060121,-0.2701406937564529,6.609181502722782e-05,1.0,0,0.9953744218026008,15,0,2.603631987786329,0.5001875234403675,87.33771771983511,4
IOPS_475,IOPS_475,3.3427610392156026e-08,-0.0001415613635877,0.0404995341133352,0.0016402122633972,0.49975,0.50025,1176367.8527790764,-1.009333843431281,0.0387063366635483,3.474700657525171,0.0104886234473012,-0.0013732747992869,-0.0356204885253292,0.0352400547983702,-0.1407237278601592,0.1989459165422218,-0.339669644402381,0.040499534113349,0.0361489147537726,1.952739939353832,0.7043020564088737,0.119232126454392,-0.1407237278601592,1176367.8527790764,3999.5,3999.5,1999.75,5999.25,1.0,1.0,1.0,1.0,7999.0,20.714610074613656,0.0063047717823775,0.0,75.11510005517543,75.11510005517543,0.0,1.0289928286106902,3.871974990515104e-09,0.0013719803271376,5.328616882397036e-05,0.0001213870438149,3.871974990515104e-09,6.396392785571143,8.438436873747495,0.0266430844119851,4.9514488348556025,4.858058266360219,2.807465536654088,-0.3202999155373243,1.8383816574854928,0.1212494902478961,7.657655310621243,-0.1892784571618599,5.5637616568903046e-05,1.0,0,0.9981247655955746,3,0,1.0927217708151744,0.499687460932554,10.31553815012843,4
IOPS_478,IOPS_478,4.698459152319145e-08,0.0007880921198406,0.0417633634746169,0.0017441785287129,0.503375,0.496625,870349.4632111703,-0.3843461739071383,0.1146598208031721,3.314083373606871,-0.0566078771547315,-0.0327610044566393,-0.0364453720777149,0.0356593336973922,-0.1384072248466203,0.3239489463155394,-0.4623561711621597,0.0417633634746433,0.0369110718703404,1.766348049927914,0.623443360878588,0.0903272541584445,-0.1384072248466203,870349.4632111703,3999.5,3999.5,1999.75,5999.25,1.0,1.0,1.0,1.0,7999.0,19.274374315467067,0.0055792129826446,4.651147923265534e-21,219.2795857579144,219.2795857579144,0.0,1.0712602600166463,9.496772597208101e-09,0.0010651305675947,6.058723439847552e-05,0.0001363306514545,9.496772597208101e-09,6.176172344689379,2.752745490981964,0.0302936171992377,4.923389153864392,4.515790342029609,2.844122359692139,-0.1977600801771918,1.7667810693422623,0.1128420478491606,7.137134268537075,-0.335538008567192,6.339909389432312e-05,1.0,0,0.9981247655955746,5,0,1.0472627871685276,0.4999374921864608,10.934557417052156,4
IOPS_52,IOPS_52,1.5861358966695605e-08,0.0007365240681167,0.0327292199664171,0.0010712018396101,0.50275,0.49725,1941078.416696043,0.1506984193050535,0.1427051795679432,3.996028410632074,-0.0675092334932293,-0.0326438328814841,-0.0292908704372063,0.0288654725977641,-0.1307868809782988,0.334276980882791,-0.4650638618610898,0.0327292199664209,0.0295869461906794,1.491800068307726,0.5265399695052353,0.0703757539127331,-0.1307868809782988,1941078.416696043,3999.5,3999.5,1999.75,5999.25,1.0,1.0,1.0,1.0,7999.0,18.268409943163068,0.0074088369595665,4.759451421424699e-08,782.7510482717001,782.7510482717001,0.0,0.9504526351077788,7.734970416690693e-10,0.0161444873772481,8.170950763871562e-05,0.0007287528517492,7.734970416690693e-10,6.176172344689379,8.518517034068136,0.0408547538193578,3.620278641121186,5.421216946142244,2.2888612378980504,-0.9957462258224924,3.367997295423253,0.0693724059554603,6.956953907815632,-0.0902388152463337,0.0001184281948863,1.0,0,0.9973746718338544,4,0,0.6003557753972011,0.5003125390673209,7.076650652783221,0
IOPS_59,IOPS_59,7.0456239863681e-08,-8.292804992038327e-06,0.0255296781479792,0.0006517644663394,0.49975,0.50025,357277.09989614564,2.0027521453778325,0.2556927855703885,4.34197354600835,0.0009827692526128,-0.0143226429916604,-0.0197542275427311,0.0191800008647877,-0.1108491210423672,0.3001060127575172,-0.4109551337998844,0.0255296781480765,0.0211548476488728,1.5403246188968425,0.5329157448885031,0.0621227866161376,-0.1108491210423672,357277.09989614564,3999.5,3999.5,1999.75,5999.25,1.0,1.0,1.0,1.0,7999.0,37.548556335612425,0.0016903119609823,3.1703979297416114e-100,114.6160440030936,114.6160440030936,0.0,0.974202476054336,5.230931663740369e-10,0.0028944972442124,7.560305857677031e-05,0.0002074617243021,5.230931663740369e-10,6.396392785571143,9.859859719438878,0.0378015292883851,4.778173027777251,4.526882173624248,2.8975254458832125,-0.330229567243495,1.7165998299927798,0.109023603860481,7.0970941883767535,-0.3451926922244145,8.590507230977934e-05,1.0,0,0.9921240155018136,14,0,1.124098447261254,0.5001875234403675,3.858693039309424,0
IOPS_68,IOPS_68,3.976598458388381e-08,-0.0004749883634787,0.0204337892853266,0.0004175397445571,0.490375,0.509625,501246.0632044896,16.997155456555106,1.1462173746368929,7.804034937546229,0.0697415588831405,0.0349289911987374,-0.0123089443062767,0.0122155846710505,-0.1594659735271975,0.3172186949703359,-0.4766846684975334,0.0204337892853653,0.0150784346322282,1.2577526562060553,0.4198481509477716,0.0428664704213492,-0.1594659735271975,501246.0632044896,3999.5,3999.5,1999.75,5999.25,1.0,1.0,1.0,1.0,7999.0,36.08291743043289,0.0008519712688114,0.0,-82.82437570523368,-82.82437570523368,0.0,0.7822281704865837,3.709348723317191e-09,0.0049469581484216,0.0001612919846372,0.0004031601177886,3.709348723317191e-09,0.4904809619238477,9.8998997995992,0.0806459923186224,4.840701502027576,4.417358617733862,2.732668439820272,-0.3338731530565842,1.596908402455833,0.1006613678517993,6.89689378757515,-0.3475839382587853,0.0001710837942553,1.0,0,0.8003500437553693,29,0,0.6879106118335372,0.5075634454306154,0.3264058762618642,2
IOPS_71,IOPS_71,5.943589693924167e-08,-0.0002914548039854,0.0209115217573216,0.0004372917422069,0.493875,0.506125,346011.6059557249,17.192541101947445,1.073866574663496,8.541515144818472,0.0418210921220849,0.0020912259811826,-0.01253516562263,0.0120035720625431,-0.1786160288969824,0.3167570830565154,-0.4953731119534978,0.0209115217574061,0.0151512143848703,1.233924564960536,0.4118941386857557,0.0422136793671414,-0.1786160288969824,346011.6059557249,3999.5,3999.5,1999.75,5999.25,1.0,1.0,1.0,1.0,7999.0,32.17095776382129,0.0008735798517005,0.0,76.71764638331672,76.71764638331672,0.0,1.7108685707276008,4.301345214384807e-09,0.0042389805241436,0.0001704120104994,0.0004084967538728,4.301345214384807e-09,5.855851703406814,1.0310220440881763,0.0852060052497186,4.889648881697352,4.414831743038323,2.749453110332781,-0.2446632069648386,1.6431778089659912,0.0894533080898578,7.177174348697395,-0.1868122908662106,0.0001976685768567,1.0,0,0.7983497937241156,37,0,0.8403651982258324,0.5005625703212275,0.1127783487308128,2
IOPS_81,IOPS_81,8.08660851872034e-08,-0.0002985654720113,0.0226316400202909,0.000512191130008,0.494625,0.505375,276447.07779221487,16.296650089368555,1.3486623764362955,7.221801559479648,0.0395878943770064,0.0026094876790692,-0.0139502888645672,0.0134245923383691,-0.1634411395478352,0.2938488771768277,-0.4572900167246629,0.0226316400204353,0.0165997778619842,1.3724746415111182,0.458143290429868,0.0494907807804314,-0.1634411395478352,276447.07779221487,3999.5,3999.5,1999.75,5999.25,1.0,1.0,1.0,1.0,7999.0,28.59767098127274,0.0008589104984604,0.0,172.70387560259596,172.70387560259596,0.0,0.6463345689653138,9.62875208206736e-10,0.0040831524504934,0.0001739920605711,0.0004297256776923,9.62875208206736e-10,0.510501002004008,0.7107014028056113,0.0869960302855971,4.830161980055106,4.311747280300531,2.776872524345973,-0.234302389201451,1.538924219801262,0.0923873536938191,7.197194388777556,-0.2435493967182183,0.0002092608846125,1.0,0,0.8913614201774107,43,0,0.5819720516532882,0.5006875859481809,1.0197454261120364,2
IOPS_87,IOPS_87,7.194382612141226e-08,-0.000423218524002,0.0253933244669749,0.000644820927485,0.493875,0.506125,348121.64122990606,46.68028288339279,3.034926185986525,6.875430466952766,0.0500080781123404,0.0175403329617253,-0.0145769763929433,0.014235927286613,-0.1745899716290608,0.473077625209072,-0.6476675968381329,0.0253933244670768,0.0174356280472584,1.1441984267550491,0.3758219720117468,0.0392073411603976,-0.1745899716290608,348121.64122990606,3999.5,3999.5,1999.75,5999.25,1.0,1.0,1.0,1.0,7999.0,34.86059204598246,0.0011632544660267,0.0,-48.94589934849004,-48.94589934849004,0.0,0.4459457572609338,5.739282379387585e-09,0.0031658334461971,0.0001655514432475,0.0004214528175285,5.739282379387585e-09,6.6366332665330665,4.674669338677355,0.0827757216237831,4.714061075187745,4.370785990652421,2.768201124026533,-0.4678782443091648,1.645441023168698,0.0796830648580295,6.936933867735471,-0.3153094862934151,0.0001673622752247,1.0,0,0.9443680460056326,35,0,1.1322577278055448,0.499312414051694,2.4022735515315543,2
IOPS_89,IOPS_89,3.570625078719303e-08,-0.0001180132309528,0.0214433433803805,0.0004598169753289,0.4985,0.5015,584187.7860176946,39.10400138627181,2.1268895953532336,5.71748124769984,0.0165154653737178,-0.0050759103512535,-0.014770752500187,0.0143867252898743,-0.1226018836765447,0.4412256863698189,-0.5638275700463637,0.0214433433804102,0.0164907973278757,1.212696265259776,0.3983206856469296,0.0380317396337776,-0.1226018836765447,584187.7860176946,3999.5,3999.5,1999.75,5999.25,1.0,1.0,1.0,1.0,7999.0,38.30761415176387,0.0018732317904247,0.0,705.5181827051131,705.5181827051131,0.0,0.9959310767082914,1.1019953758345298e-08,0.018800353713085,0.0001563812649851,0.0008867359206701,1.1019953758345298e-08,6.176172344689379,5.815811623246494,0.0781906324925537,4.271521498506581,4.914704341339995,2.448306423402373,-0.659748510226562,2.273719995393027,0.0886020084381968,7.157154308617235,-0.2551105097558179,0.0002032064980162,1.0,0,0.954119264907994,24,0,0.9067791125556964,0.4974371796473937,1.5219927588048223,0
IOPS_94,IOPS_94,2.090571292123756e-08,-0.0001053402576829,0.0228291064920806,0.0005211681032267,0.498125,0.501875,1042153.0937688808,1.0495620357014674,0.1319777325085361,5.102509789244214,0.0138456350208711,-0.0036197582299448,-0.0155905620570688,0.0152681803512848,-0.1164857235523371,0.2056253233801825,-0.3221110469325197,0.0228291064920902,0.0181155131244226,1.6263262698196026,0.5740218161323581,0.0708734041834641,-0.1164857235523371,1042153.0937688808,3999.5,3999.5,1999.75,5999.25,1.0,1.0,1.0,1.0,7999.0,30.14504250873908,0.0006912349215145,5.458145317566233e-42,-357.9641306967701,-357.9641306967701,0.0,0.8428634962261694,8.51214606481945e-10,0.0036574265359734,0.0001491241804476,0.0003435324233638,8.51214606481945e-10,5.235230460921844,2.7927855711422844,0.0745620902238235,4.923572097702156,4.488326579236372,2.6465026492555674,-0.3041810931224677,1.7868642932547216,0.1119338807654874,7.057054108216433,-0.2556017981790687,0.000162887408388,1.0,0,0.8426053256656029,17,0,0.801318559038819,0.5019377422177145,1.3367062698893493,0
IOPS_96,IOPS_96,3.702339577937864e-08,9.662115226305446e-05,0.0380768581316912,0.0014498471251809,0.501,0.499,1001406.0383407852,0.5604125547954792,0.1727921446563796,4.405059097523288,-0.0076096714174795,-0.0084674355194667,-0.0320880124713784,0.0317407885108353,-0.1677307776997736,0.369193926363252,-0.5369247040630256,0.0380768581317092,0.0329264201518471,1.5657972645791671,0.5526577330688448,0.0709165694419327,-0.1677307776997736,1001406.0383407852,3999.5,3999.5,1999.75,5999.25,1.0,1.0,1.0,1.0,7999.0,19.99575404462224,0.004057141152588,1.4340969181311143e-23,426.1119693233744,426.1119693233744,0.0,0.9736713746575753,3.87084568990151e-09,0.0027134963809295,8.6331434282001e-05,0.0002259322385709,3.87084568990151e-09,7.017014028056113,0.9509418837675352,0.0431657171410004,4.810549496935977,4.911722664473466,2.732547864636603,-0.4526493448473965,1.895925615475876,0.1070217755857319,7.317314629258517,-0.2475204626153065,9.607544384435602e-05,1.0,0,0.992624078009627,6,0,0.8666077621531656,0.5001875234403675,8.137430202687996,4
